data,ticker,preco,rsi,sma_curta,sma_longa,sinais,score_momentum,leitura
2026-08-28,BBAS3.SA,20.170000076293945,51.367181824751874,19.334000015258788,19.928600006103515,Tendência de baixa (SMA curta < SMA longa),-2.3,Neutro / lateral
2026-08-28,BNB-USD,692.0800170898438,76.84332494171628,646.9111145019531,605.36513671875,RSI sobrecomprado (76.8); Tendência de alta (SMA curta > SMA longa),87.5,Momentum forte de alta
2026-08-28,BOVA11.SA,172.72000122070312,61.08540486827543,168.95149993896484,169.94280029296874,Tendência de baixa (SMA curta < SMA longa),14.7,Viés de alta
2026-08-28,BTC-USD,77939.6875,82.09292553029285,70367.2203125,66723.94140625,RSI sobrecomprado (82.1); Tendência de alta (SMA curta > SMA longa),93.4,Momentum forte de alta
2026-08-28,ETH-USD,2447.3701171875,79.3292205034681,2162.892401123047,1991.615134277344,RSI sobrecomprado (79.3); Tendência de alta (SMA curta > SMA longa),100.0,Momentum forte de alta
2026-08-28,HGLG11.SA,148.3000030517578,64.18924213243815,146.69200134277344,147.15348999023436,Tendência de baixa (SMA curta < SMA longa),19.3,Viés de alta
2026-08-28,ITUB4.SA,39.18999862670898,41.25178457766759,39.61749954223633,41.29569465637207,Tendência de baixa (SMA curta < SMA longa),-52.1,Momentum forte de baixa
2026-08-28,IVVB11.SA,452.0499877929688,61.15940362407618,447.52550201416017,438.0255993652344,Tendência de alta (SMA curta > SMA longa),55.2,Momentum forte de alta
2026-08-28,MXRF11.SA,9.300000190734863,38.70974192377384,9.316499996185303,9.466555881500245,Tendência de baixa (SMA curta < SMA longa),-51.1,Momentum forte de baixa
2026-08-28,PETR4.SA,43.54999923706055,67.69761338098832,41.41983108520508,39.87110900878906,Tendência de alta (SMA curta > SMA longa),62.5,Momentum forte de alta
2026-08-28,SOL-USD,104.48999786376952,83.0702533036408,86.26098899841308,79.61808975219726,RSI sobrecomprado (83.1); Tendência de alta (SMA curta > SMA longa),100.0,Momentum forte de alta
2026-08-28,USDBRL=X,5.184999942779541,64.90965946645485,5.1557800531387326,5.147266044616699,Tendência de alta (SMA curta > SMA longa),56.1,Momentum forte de alta
2026-08-28,VALE3.SA,78.58000183105469,68.13693689892472,74.31851234436036,74.01117828369141,Tendência de alta (SMA curta > SMA longa),60.8,Momentum forte de alta
2026-08-28,WEGE3.SA,49.97999954223633,75.16063420491582,48.613000106811526,46.84780006408691,RSI sobrecomprado (75.2); Tendência de alta (SMA curta > SMA longa),78.0,Momentum forte de alta
2026-08-28,^BVSP,175664.625,61.48174996087217,171751.93125,173080.9325,Tendência de baixa (SMA curta < SMA longa),14.5,Viés de alta
2026-08-28,^GSPC,7711.759765625,45.31401650510901,7712.582495117187,7563.789208984375,Tendência de alta (SMA curta > SMA longa),30.0,Viés de alta
2026-08-29,BBAS3.SA,19.96999931335449,49.09090698914622,19.393000030517577,19.913600006103515,Tendência de baixa (SMA curta < SMA longa),-6.0,Neutro / lateral
2026-08-29,BNB-USD,693.1099853515625,77.34948703866561,646.962612915039,605.3857360839844,RSI sobrecomprado (77.3); Tendência de alta (SMA curta > SMA longa),87.7,Momentum forte de alta
2026-08-29,BOVA11.SA,172.39999389648438,60.2434187991862,168.9354995727539,169.93640014648437,Tendência de baixa (SMA curta < SMA longa),13.4,Viés de alta
2026-08-29,BTC-USD,78239.59375,83.16272682987272,70382.215625,66729.93953125,RSI sobrecomprado (83.2); Tendência de alta (SMA curta > SMA longa),94.0,Momentum forte de alta
2026-08-29,ETH-USD,2454.780029296875,79.94234952121124,2163.2628967285154,1991.763332519532,RSI sobrecomprado (79.9); Tendência de alta (SMA curta > SMA longa),100.0,Momentum forte de alta
2026-08-29,HGLG11.SA,148.05999755859375,56.65828326937159,146.58950119018556,147.15184783935547,Tendência de baixa (SMA curta < SMA longa),9.0,Neutro / lateral
2026-08-29,ITUB4.SA,39.09999847412109,38.651990672624656,39.8015905380249,41.308613052368166,Tendência de baixa (SMA curta < SMA longa),-55.4,Momentum forte de baixa
2026-08-29,IVVB11.SA,450.0,58.70569658644944,447.4230026245117,437.984599609375,Tendência de alta (SMA curta > SMA longa),51.3,Momentum forte de alta
2026-08-29,MXRF11.SA,9.239999771118164,31.03448842849509,9.325499963760375,9.471404876708984,Tendência de baixa (SMA curta < SMA longa),-62.3,Momentum forte de baixa
2026-08-29,PETR4.SA,42.70000076293945,69.63115928329049,41.34726295471192,39.752493667602536,Tendência de alta (SMA curta > SMA longa),63.7,Momentum forte de alta
2026-08-29,SOL-USD,105.62000274658205,85.25520154257111,86.3174892425537,79.64068984985352,RSI sobrecomprado (85.3); Tendência de alta (SMA curta > SMA longa),100.0,Momentum forte de alta
2026-08-29,USDBRL=X,5.205399990081787,64.60042612621572,5.161220049858093,5.147868041992187,Tendência de alta (SMA curta > SMA longa),55.8,Momentum forte de alta
2026-08-29,VALE3.SA,79.11000061035156,73.04399129677586,74.09941062927246,74.01049743652344,RSI sobrecomprado (73.0); Tendência de alta (SMA curta > SMA longa),69.6,Momentum forte de alta
2026-08-29,WEGE3.SA,50.25,71.77920571410294,48.47400016784668,46.74931159973144,RSI sobrecomprado (71.8); Tendência de alta (SMA curta > SMA longa),74.2,Momentum forte de alta
2026-08-29,^BVSP,175665.0,61.48270181219111,171751.95,173080.94,Tendência de baixa (SMA curta < SMA longa),14.5,Viés de alta
2026-08-29,^GSPC,7711.759765625,45.31401650510901,7712.582495117187,7563.789208984375,Tendência de alta (SMA curta > SMA longa),30.0,Viés de alta
2026-08-30,BBAS3.SA,19.96999931335449,47.00191989280476,19.451000022888184,19.90360000610352,Tendência de baixa (SMA curta < SMA longa),-7.6,Neutro / lateral
2026-08-30,BNB-USD,691.9099731445312,76.7229683857212,651.3701477050781,607.6834362792969,RSI sobrecomprado (76.7); Tendência de alta (SMA curta > SMA longa),87.7,Momentum forte de alta
2026-08-30,BOVA11.SA,172.39999389648438,60.2434187991862,168.9354995727539,169.93640014648437,Tendência de baixa (SMA curta < SMA longa),13.4,Viés de alta
2026-08-30,BTC-USD,78193.8125,81.952064374928,71029.1966796875,67003.086875,RSI sobrecomprado (82.0); Tendência de alta (SMA curta > SMA longa),94.3,Momentum forte de alta
2026-08-30,ETH-USD,2456.580078125,79.2291647117143,2190.045556640625,2004.7361865234373,RSI sobrecomprado (79.2); Tendência de alta (SMA curta > SMA longa),100.0,Momentum forte de alta
2026-08-30,HGLG11.SA,148.05999755859375,54.93299879193384,146.59200134277344,147.18826690673828,Tendência de baixa (SMA curta < SMA longa),7.0,Neutro / lateral
2026-08-30,ITUB4.SA,39.09999847412109,33.65268645861126,39.91668491363525,41.30208946228027,Tendência de baixa (SMA curta < SMA longa),-61.0,Momentum forte de baixa
2026-08-30,IVVB11.SA,450.0,58.70569658644944,447.4230026245117,437.984599609375,Tendência de alta (SMA curta > SMA longa),51.3,Momentum forte de alta
2026-08-30,MXRF11.SA,9.239999771118164,34.42620131575656,9.328489542007446,9.472279357910155,Tendência de baixa (SMA curta < SMA longa),-58.1,Momentum forte de baixa
2026-08-30,PETR4.SA,42.70000076293945,61.65559486222182,41.376834869384766,39.68695083618164,Tendência de alta (SMA curta > SMA longa),55.1,Momentum forte de alta
2026-08-30,SOL-USD,102.91000366210938,80.29319733545762,87.57773056030274,80.10769668579101,RSI sobrecomprado (80.3); Tendência de alta (SMA curta > SMA longa),100.0,Momentum forte de alta
2026-08-30,USDBRL=X,5.161099910736084,62.284752299109606,5.15458505153656,5.14678804397583,Tendência de alta (SMA curta > SMA longa),52.0,Momentum forte de alta
2026-08-30,VALE3.SA,79.11000061035156,74.14696455469209,74.10719184875488,74.08850845336914,RSI sobrecomprado (74.1); Tendência de alta (SMA curta > SMA longa),71.9,Momentum forte de alta
2026-08-30,WEGE3.SA,50.25,67.89170076781068,48.433500099182126,46.710793075561526,Tendência de alta (SMA curta > SMA longa),70.3,Momentum forte de alta
2026-08-30,^BVSP,175665.0,61.48270181219111,171751.95,173080.94,Tendência de baixa (SMA curta < SMA longa),14.5,Viés de alta
2026-09-01,BBAS3.SA,21.209999084472656,71.53996362278944,19.31849994659424,19.97879997253418,RSI sobrecomprado (71.5); Tendência de baixa (SMA curta < SMA longa),33.1,Viés de alta
2026-09-01,BNB-USD,680.1699829101562,71.86343776323812,662.9617767333984,614.5079748535156,RSI sobrecomprado (71.9); Tendência de alta (SMA curta > SMA longa),80.0,Momentum forte de alta
2026-09-01,BOVA11.SA,177.10000610351562,92.02168214039948,168.92699966430663,170.41920013427733,RSI sobrecomprado (92.0); Tendência de baixa (SMA curta < SMA longa),36.7,Viés de alta
2026-09-01,BTC-USD,77254.9296875,75.68770265275205,73162.10859375,67877.5621875,RSI sobrecomprado (75.7); Tendência de alta (SMA curta > SMA longa),94.5,Momentum forte de alta
2026-09-01,ETH-USD,2412.580078125,72.98451535655013,2273.42846069336,2043.35732421875,RSI sobrecomprado (73.0); Tendência de alta (SMA curta > SMA longa),97.3,Momentum forte de alta
2026-09-01,HGLG11.SA,147.0,56.62340699169882,146.7290008544922,147.14122497558594,Tendência de baixa (SMA curta < SMA longa),-26.1,Viés de baixa
2026-09-01,ITUB4.SA,39.880001068115234,62.771958151806594,39.3068244934082,41.22668655395508,Tendência de baixa (SMA curta < SMA longa),-19.4,Viés de baixa
2026-09-01,IVVB11.SA,444.3500061035156,38.14129720009126,449.12200317382815,438.8883996582031,Tendência de alta (SMA curta > SMA longa),18.1,Viés de alta
2026-09-01,MXRF11.SA,9.210000038146973,40.00003178907315,9.300999975204467,9.457593994140623,Tendência de baixa (SMA curta < SMA longa),-50.1,Momentum forte de baixa
2026-09-01,PETR4.SA,46.869998931884766,83.66318879197445,41.86700439453125,40.18668739318848,RSI sobrecomprado (83.7); Tendência de alta (SMA curta > SMA longa),84.2,Momentum forte de alta
2026-09-01,SOL-USD,99.8000030517578,72.41372110705916,91.56522369384766,81.6848211669922,RSI sobrecomprado (72.4); Tendência de alta (SMA curta > SMA longa),96.6,Momentum forte de alta
2026-09-01,USDBRL=X,5.181700229644775,51.52873908583234,5.16445004940033,5.14808804512024,Tendência de alta (SMA curta > SMA longa),37.5,Viés de alta
2026-09-01,VALE3.SA,78.30000305175781,71.51261382381999,74.8029998779297,74.08299606323243,RSI sobrecomprado (71.5); Tendência de alta (SMA curta > SMA longa),68.0,Momentum forte de alta
2026-09-01,WEGE3.SA,49.70000076293945,71.72999957346158,48.7370002746582,47.02560012817383,RSI sobrecomprado (71.7); Tendência de alta (SMA curta > SMA longa),69.0,Momentum forte de alta
2026-09-01,^BVSP,179722.484375,92.05142337150548,171814.27421875,173391.1896875,RSI sobrecomprado (92.1); Tendência de baixa (SMA curta < SMA longa),36.3,Viés de alta
2026-09-01,^GSPC,7631.47021484375,37.71445384302312,7711.61201171875,7570.674013671875,Tendência de alta (SMA curta > SMA longa),16.2,Viés de alta
2026-09-02,BBAS3.SA,22.26000022888184,87.89846465942487,19.310266780853272,19.895422744750977,RSI sobrecomprado (87.9); Tendência de baixa (SMA curta < SMA longa),44.6,Momentum forte de alta
2026-09-02,BNB-USD,686.3800048828125,69.52909061245279,666.9079010009766,616.6520446777344,Tendência de alta (SMA curta > SMA longa),77.5,Momentum forte de alta
2026-09-02,BOVA11.SA,182.2700042724609,96.60499568687752,169.30550003051758,170.71240020751952,RSI sobrecomprado (96.6); Tendência de baixa (SMA curta < SMA longa),40.3,Momentum forte de alta
2026-09-02,BTC-USD,77127.3828125,69.63605984996528,73855.80390625,68123.961484375,Tendência de alta (SMA curta > SMA longa),86.0,Momentum forte de alta
2026-09-02,ETH-USD,2383.090087890625,58.50621110467074,2298.6464965820314,2053.3347680664065,Tendência de alta (SMA curta > SMA longa),78.0,Momentum forte de alta
2026-09-02,HGLG11.SA,147.82000732421875,60.23810994328813,146.81000137329102,147.17362518310546,Tendência de baixa (SMA curta < SMA longa),12.7,Viés de alta
2026-09-02,ITUB4.SA,41.40999984741211,71.78399258360108,39.35725440979004,41.24685844421387,RSI sobrecomprado (71.8); Tendência de baixa (SMA curta < SMA longa),30.3,Viés de alta
2026-09-02,IVVB11.SA,441.7999877929688,26.323950517753445,448.8865020751953,439.1043994140625,RSI sobrevendido (26.3); Tendência de alta (SMA curta > SMA longa),1.6,Neutro / lateral
2026-09-02,MXRF11.SA,9.18000030517578,40.67801267576266,9.288000011444092,9.452394008636476,Tendência de baixa (SMA curta < SMA longa),-49.6,Momentum forte de baixa
2026-09-02,PETR4.SA,48.20000076293945,85.01285365174185,42.22976188659668,40.331790390014646,RSI sobrecomprado (85.0); Tendência de alta (SMA curta > SMA longa),88.0,Momentum forte de alta
2026-09-02,SOL-USD,99.6500015258789,66.75576827706857,92.74820137023926,82.12630981445312,Tendência de alta (SMA curta > SMA longa),89.0,Momentum forte de alta
2026-09-02,USDBRL=X,5.152200222015381,42.168241426706665,5.164875054359436,5.1471780490875245,Tendência de alta (SMA curta > SMA longa),22.9,Viés de alta
2026-09-02,VALE3.SA,80.80000305175781,83.91768164148249,75.13164291381835,74.15472915649414,RSI sobrecomprado (83.9); Tendência de alta (SMA curta > SMA longa),75.9,Momentum forte de alta
2026-09-02,WEGE3.SA,50.84000015258789,79.09410814744419,48.89750022888184,47.08980010986328,RSI sobrecomprado (79.1); Tendência de alta (SMA curta > SMA longa),76.2,Momentum forte de alta
2026-09-02,^BVSP,185205.09375,96.09902045818048,172188.2546875,173685.161875,RSI sobrecomprado (96.1); Tendência de baixa (SMA curta < SMA longa),40.1,Momentum forte de alta
2026-09-02,^GSPC,7666.60009765625,35.6388078200395,7708.7645263671875,7576.69681640625,Tendência de alta (SMA curta > SMA longa),13.9,Viés de alta
2026-09-03,BBAS3.SA,22.450000762939453,87.86577703101459,19.40218305587769,19.982532615661626,RSI sobrecomprado (87.9); Tendência de baixa (SMA curta < SMA longa),48.7,Momentum forte de alta
2026-09-03,BNB-USD,723.989990234375,71.24879051379838,672.8075744628907,619.5614282226562,RSI sobrecomprado (71.2); Tendência de alta (SMA curta > SMA longa),86.4,Momentum forte de alta
2026-09-03,BOVA11.SA,182.25,97.76161964055646,169.81600036621094,170.97740020751954,RSI sobrecomprado (97.8); Tendência de baixa (SMA curta < SMA longa),41.4,Momentum forte de alta
2026-09-03,BTC-USD,81153.75,70.37291824193726,74773.36640625,68456.250859375,RSI sobrecomprado (70.4); Tendência de alta (SMA curta > SMA longa),93.8,Momentum forte de alta
2026-09-03,ETH-USD,2496.780029296875,60.707492678227055,2329.8735412597657,2065.0997119140625,Tendência de alta (SMA curta > SMA longa),80.9,Momentum forte de alta
2026-09-03,HGLG11.SA,148.49000549316406,65.11367813620569,146.78250122070312,147.15446655273436,Tendência de baixa (SMA curta < SMA longa),20.6,Viés de alta
2026-09-03,ITUB4.SA,41.91999816894531,71.05723066154839,39.26476135253906,41.242059783935545,RSI sobrecomprado (71.1); Tendência de baixa (SMA curta < SMA longa),31.0,Viés de alta
2026-09-03,IVVB11.SA,446.0,32.81248238952762,448.9890014648437,439.4317993164062,Tendência de alta (SMA curta > SMA longa),11.9,Viés de alta
2026-09-03,MXRF11.SA,9.15999984741211,42.29969090673527,9.189897298812866,9.350414180755616,Tendência de baixa (SMA curta < SMA longa),-46.0,Momentum forte de baixa
2026-09-03,PETR4.SA,47.560001373291016,79.94170376729421,42.57991065979004,40.613794555664064,RSI sobrecomprado (79.9); Tendência de alta (SMA curta > SMA longa),86.7,Momentum forte de alta
2026-09-03,SOL-USD,104.11000061035156,68.6673678884791,94.224116897583,82.67794082641602,Tendência de alta (SMA curta > SMA longa),91.6,Momentum forte de alta
2026-09-03,USDBRL=X,5.092700004577637,33.81689432508729,5.162585043907166,5.144882049560547,Tendência de alta (SMA curta > SMA longa),-23.0,Viés de baixa
2026-09-03,VALE3.SA,78.44999694824219,74.04165738860425,75.35202598571777,74.15845153808594,RSI sobrecomprado (74.0); Tendência de alta (SMA curta > SMA longa),72.1,Momentum forte de alta
2026-09-03,WEGE3.SA,52.060001373291016,82.75865281901386,49.022000312805176,47.22140014648438,RSI sobrecomprado (82.8); Tendência de alta (SMA curta > SMA longa),79.8,Momentum forte de alta
2026-09-03,^BVSP,185188.125,96.83937724120678,172670.35625,173949.1225,RSI sobrecomprado (96.8); Tendência de baixa (SMA curta < SMA longa),40.9,Momentum forte de alta
2026-09-03,^GSPC,7747.7099609375,46.40231504650961,7710.652026367187,7584.486611328125,Tendência de alta (SMA curta > SMA longa),30.6,Viés de alta
2026-09-04,BBAS3.SA,22.520000457763672,95.35052982749043,19.53014326095581,20.02814437866211,RSI sobrecomprado (95.4); Tendência de baixa (SMA curta < SMA longa),50.4,Momentum forte de alta
2026-09-04,BNB-USD,718.8800048828125,61.59473574967757,678.4466735839844,622.5152880859375,Tendência de alta (SMA curta > SMA longa),72.5,Momentum forte de alta
2026-09-04,BOVA11.SA,181.94000244140625,96.70443125647732,170.4445007324219,171.21180023193358,RSI sobrecomprado (96.7); Tendência de baixa (SMA curta < SMA longa),42.8,Momentum forte de alta
2026-09-04,BTC-USD,79670.0078125,54.08248162659858,75611.550390625,68776.225234375,Tendência de alta (SMA curta > SMA longa),69.5,Momentum forte de alta
2026-09-04,ETH-USD,2452.260009765625,45.32331871045727,2359.0031616210936,2077.105859375,Tendência de alta (SMA curta > SMA longa),60.4,Momentum forte de alta
2026-09-04,HGLG11.SA,148.3000030517578,80.70394645821804,145.92258071899414,146.09267547607422,RSI sobrecomprado (80.7); Tendência de baixa (SMA curta < SMA longa),35.0,Viés de alta
2026-09-04,ITUB4.SA,41.91999816894531,77.98493175841362,39.32419872283936,41.23677024841309,RSI sobrecomprado (78.0); Tendência de baixa (SMA curta < SMA longa),38.3,Viés de alta
2026-09-04,IVVB11.SA,447.3500061035156,39.888668389768206,449.1390014648438,439.8381994628906,Tendência de alta (SMA curta > SMA longa),22.3,Viés de alta
2026-09-04,MXRF11.SA,9.1899995803833,55.55287285345253,9.181494235992432,9.34546859741211,Tendência de baixa (SMA curta < SMA longa),-28.0,Viés de baixa
2026-09-04,PETR4.SA,47.11000061035156,76.12274543846871,42.95409870147705,40.81795944213867,RSI sobrecomprado (76.1); Tendência de alta (SMA curta > SMA longa),88.0,Momentum forte de alta
2026-09-04,SOL-USD,101.6999969482422,59.99485215682499,95.53891944885254,83.20386840820312,Tendência de alta (SMA curta > SMA longa),80.0,Momentum forte de alta
2026-09-04,USDBRL=X,5.123700141906738,35.58825468105965,5.162680053710938,5.143474054336548,Tendência de alta (SMA curta > SMA longa),-19.6,Viés de baixa
2026-09-04,VALE3.SA,78.62000274658203,74.1459864980809,75.63684005737305,74.21051315307618,RSI sobrecomprado (74.1); Tendência de alta (SMA curta > SMA longa),73.4,Momentum forte de alta
2026-09-04,WEGE3.SA,51.7400016784668,77.61416574342287,49.20300045013428,47.31820014953613,RSI sobrecomprado (77.6); Tendência de alta (SMA curta > SMA longa),80.4,Momentum forte de alta
2026-09-04,^BVSP,185147.15625,97.3842811732432,173302.0578125,174186.163125,RSI sobrecomprado (97.4); Tendência de baixa (SMA curta < SMA longa),42.7,Momentum forte de alta
2026-09-04,^GSPC,7718.60009765625,47.44209669714689,7708.700024414063,7591.70880859375,Tendência de alta (SMA curta > SMA longa),30.9,Viés de alta
2026-09-05,BBAS3.SA,22.520000457763672,95.35052982749043,19.53014326095581,20.02814437866211,RSI sobrecomprado (95.4); Tendência de baixa (SMA curta < SMA longa),50.4,Momentum forte de alta
2026-09-05,BNB-USD,770.0800170898438,71.21171717199849,686.9457275390625,626.6092004394532,RSI sobrecomprado (71.2); Tendência de alta (SMA curta > SMA longa),94.9,Momentum forte de alta
2026-09-05,BOVA11.SA,181.94000244140625,96.70443125647732,170.4445007324219,171.21180023193358,RSI sobrecomprado (96.7); Tendência de baixa (SMA curta < SMA longa),42.8,Momentum forte de alta
2026-09-05,BTC-USD,79788.6484375,58.8923072182104,76460.1482421875,69094.048203125,Tendência de alta (SMA curta > SMA longa),76.2,Momentum forte de alta
2026-09-05,ETH-USD,2482.2099609375,54.78942384239299,2389.6074157714843,2090.006657714844,Tendência de alta (SMA curta > SMA longa),73.1,Momentum forte de alta
2026-09-05,HGLG11.SA,148.3000030517578,80.70394645821804,145.92258071899414,146.09267547607422,RSI sobrecomprado (80.7); Tendência de baixa (SMA curta < SMA longa),35.0,Viés de alta
2026-09-05,ITUB4.SA,41.91999816894531,77.98493175841362,39.32419872283936,41.23677024841309,RSI sobrecomprado (78.0); Tendência de baixa (SMA curta < SMA longa),38.3,Viés de alta
2026-09-05,IVVB11.SA,447.3500061035156,39.888668389768206,449.1390014648438,439.8381994628906,Tendência de alta (SMA curta > SMA longa),22.3,Viés de alta
2026-09-05,MXRF11.SA,9.1899995803833,55.55287285345253,9.181494235992432,9.34546859741211,Tendência de baixa (SMA curta < SMA longa),-28.0,Viés de baixa
2026-09-05,PETR4.SA,47.11000061035156,76.12274543846871,42.95409870147705,40.81795944213867,RSI sobrecomprado (76.1); Tendência de alta (SMA curta > SMA longa),88.0,Momentum forte de alta
2026-09-05,SOL-USD,103.31999969482422,61.44050262442303,96.99044303894044,83.77502624511719,Tendência de alta (SMA curta > SMA longa),81.9,Momentum forte de alta
2026-09-05,USDBRL=X,5.123700141906738,37.718259070376526,5.163600039482117,5.142080049514771,Tendência de alta (SMA curta > SMA longa),-16.1,Viés de baixa
2026-09-05,VALE3.SA,78.62000274658203,74.1459864980809,75.63684005737305,74.21051315307618,RSI sobrecomprado (74.1); Tendência de alta (SMA curta > SMA longa),73.4,Momentum forte de alta
2026-09-05,WEGE3.SA,51.7400016784668,77.61416574342287,49.20300045013428,47.31820014953613,RSI sobrecomprado (77.6); Tendência de alta (SMA curta > SMA longa),80.4,Momentum forte de alta
2026-09-05,^BVSP,185147.0,97.3834958971977,173302.05,174186.16,RSI sobrecomprado (97.4); Tendência de baixa (SMA curta < SMA longa),42.7,Momentum forte de alta
2026-09-05,^GSPC,7718.60009765625,47.44209669714689,7708.700024414063,7591.70880859375,Tendência de alta (SMA curta > SMA longa),30.9,Viés de alta
2026-09-06,BBAS3.SA,22.520000457763672,95.35052982749043,19.53014326095581,20.02814437866211,RSI sobrecomprado (95.4); Tendência de baixa (SMA curta < SMA longa),50.4,Momentum forte de alta
2026-09-06,BNB-USD,750.780029296875,63.43272854000131,694.0676971435547,630.1557250976563,Tendência de alta (SMA curta > SMA longa),80.7,Momentum forte de alta
2026-09-06,BOVA11.SA,181.94000244140625,96.70443125647732,170.4445007324219,171.21180023193358,RSI sobrecomprado (96.7); Tendência de baixa (SMA curta < SMA longa),42.8,Momentum forte de alta
2026-09-06,BTC-USD,79985.25,57.56653101387561,77235.858984375,69398.525546875,Tendência de alta (SMA curta > SMA longa),71.7,Momentum forte de alta
2026-09-06,ETH-USD,2507.5400390625,53.70019445782794,2419.3005920410155,2102.900129394531,Tendência de alta (SMA curta > SMA longa),71.6,Momentum forte de alta
2026-09-06,HGLG11.SA,148.3000030517578,80.70394645821804,145.92258071899414,146.09267517089845,RSI sobrecomprado (80.7); Tendência de baixa (SMA curta < SMA longa),35.0,Viés de alta
2026-09-06,ITUB4.SA,41.91999816894531,77.98493175841362,39.32419872283936,41.23677017211914,RSI sobrecomprado (78.0); Tendência de baixa (SMA curta < SMA longa),38.3,Viés de alta
2026-09-06,IVVB11.SA,447.3500061035156,39.888668389768206,449.1390014648438,439.8381994628906,Tendência de alta (SMA curta > SMA longa),22.3,Viés de alta
2026-09-06,MXRF11.SA,9.1899995803833,55.55287285345253,9.181494235992432,9.34546875,Tendência de baixa (SMA curta < SMA longa),-28.0,Viés de baixa
2026-09-06,PETR4.SA,47.11000061035156,76.12274543846871,42.95409870147705,40.81795944213867,RSI sobrecomprado (76.1); Tendência de alta (SMA curta > SMA longa),88.0,Momentum forte de alta
2026-09-06,SOL-USD,105.87999725341795,62.38314479066668,98.48062095642088,84.38076065063477,Tendência de alta (SMA curta > SMA longa),83.2,Momentum forte de alta
2026-09-06,USDBRL=X,5.124899864196777,37.95031120285866,5.163660025596618,5.142104043960571,Tendência de alta (SMA curta > SMA longa),-15.8,Viés de baixa
2026-09-06,VALE3.SA,78.62000274658203,74.1459864980809,75.63684005737305,74.21051315307618,RSI sobrecomprado (74.1); Tendência de alta (SMA curta > SMA longa),73.4,Momentum forte de alta
2026-09-06,WEGE3.SA,51.7400016784668,77.61416574342287,49.20300045013428,47.31820014953613,RSI sobrecomprado (77.6); Tendência de alta (SMA curta > SMA longa),80.4,Momentum forte de alta
2026-09-06,^BVSP,185147.0,97.3834958971977,173302.05,174186.16,RSI sobrecomprado (97.4); Tendência de baixa (SMA curta < SMA longa),42.7,Momentum forte de alta
2026-09-06,^GSPC,7718.60009765625,47.44209669714689,7708.700024414063,7591.70880859375,Tendência de alta (SMA curta > SMA longa),30.9,Viés de alta
2026-09-07,BBAS3.SA,22.520000457763672,95.35052982749043,19.53014326095581,20.02814437866211,RSI sobrecomprado (95.4); Tendência de baixa (SMA curta < SMA longa),50.4,Momentum forte de alta
2026-09-07,BNB-USD,739.1400146484375,59.24573408677269,700.9343231201171,633.5648559570312,Tendência de alta (SMA curta > SMA longa),73.8,Momentum forte de alta
2026-09-07,BOVA11.SA,181.94000244140625,96.70443125647732,170.4445007324219,171.21180023193358,RSI sobrecomprado (96.7); Tendência de baixa (SMA curta < SMA longa),42.8,Momentum forte de alta
2026-09-07,BTC-USD,79082.6484375,50.38975349025861,77974.195703125,69693.658359375,Tendência de alta (SMA curta > SMA longa),60.7,Momentum forte de alta
2026-09-07,ETH-USD,2487.330078125,50.45291170162323,2448.1945556640626,2115.356735839844,Tendência de alta (SMA curta > SMA longa),67.3,Momentum forte de alta
2026-09-07,HGLG11.SA,148.3000030517578,80.70394645821804,145.92258071899414,146.09267547607422,RSI sobrecomprado (80.7); Tendência de baixa (SMA curta < SMA longa),35.0,Viés de alta
2026-09-07,ITUB4.SA,41.91999816894531,77.98493175841362,39.32419872283936,41.23677017211914,RSI sobrecomprado (78.0); Tendência de baixa (SMA curta < SMA longa),38.3,Viés de alta
2026-09-07,IVVB11.SA,447.3500061035156,39.888668389768206,449.1390014648438,439.8381994628906,Tendência de alta (SMA curta > SMA longa),22.3,Viés de alta
2026-09-07,MXRF11.SA,9.1899995803833,55.55287285345253,9.181494235992432,9.345468711853028,Tendência de baixa (SMA curta < SMA longa),-28.0,Viés de baixa
2026-09-07,PETR4.SA,47.11000061035156,76.12274543846871,42.95409870147705,40.81795944213867,RSI sobrecomprado (76.1); Tendência de alta (SMA curta > SMA longa),88.0,Momentum forte de alta
2026-09-07,SOL-USD,103.77999877929688,56.17394798797448,99.84644241333008,84.94060806274415,Tendência de alta (SMA curta > SMA longa),74.9,Momentum forte de alta
2026-09-07,USDBRL=X,5.126200199127197,38.19987905783101,5.16372504234314,5.14213005065918,Tendência de alta (SMA curta > SMA longa),-15.4,Viés de baixa
2026-09-07,VALE3.SA,78.62000274658203,74.1459864980809,75.63684005737305,74.21051315307618,RSI sobrecomprado (74.1); Tendência de alta (SMA curta > SMA longa),73.4,Momentum forte de alta
2026-09-07,WEGE3.SA,51.7400016784668,77.61416574342287,49.20300045013428,47.31820014953613,RSI sobrecomprado (77.6); Tendência de alta (SMA curta > SMA longa),80.4,Momentum forte de alta
2026-09-07,^BVSP,185147.0,97.3834958971977,173302.05,174186.16,RSI sobrecomprado (97.4); Tendência de baixa (SMA curta < SMA longa),42.7,Momentum forte de alta
2026-09-07,^GSPC,7718.60009765625,47.44209669714689,7708.700024414063,7591.70880859375,Tendência de alta (SMA curta > SMA longa),30.9,Viés de alta
2026-09-08,BBAS3.SA,22.600000381469727,98.23265411672418,19.66359596252441,20.08152545928955,RSI sobrecomprado (98.2); Tendência de baixa (SMA curta < SMA longa),50.9,Momentum forte de alta
2026-09-08,BNB-USD,752.489990234375,65.07169565269382,707.2795959472656,637.2177355957032,Tendência de alta (SMA curta > SMA longa),81.0,Momentum forte de alta
2026-09-08,BOVA11.SA,184.7899932861328,98.22888472193928,171.22050018310546,171.5033999633789,RSI sobrecomprado (98.2); Tendência de baixa (SMA curta < SMA longa),44.2,Momentum forte de alta
2026-09-08,BTC-USD,78490.0,49.75580786452871,78437.046484375,69959.521875,Tendência de alta (SMA curta > SMA longa),52.8,Momentum forte de alta
2026-09-08,ETH-USD,2485.360107421875,53.699570572946094,2460.0710571289064,2127.061318359375,Tendência de alta (SMA curta > SMA longa),61.1,Momentum forte de alta
2026-09-08,HGLG11.SA,147.75,74.87009588137262,146.0577369689941,146.1467379760742,RSI sobrecomprado (74.9); Tendência de baixa (SMA curta < SMA longa),34.4,Viés de alta
2026-09-08,ITUB4.SA,42.43000030517578,81.88493282177129,39.425628662109375,41.27734222412109,RSI sobrecomprado (81.9); Tendência de baixa (SMA curta < SMA longa),39.8,Viés de alta
2026-09-08,IVVB11.SA,440.5,33.46302978294909,448.821501159668,439.9801995849609,Tendência de alta (SMA curta > SMA longa),11.3,Viés de alta
2026-09-08,MXRF11.SA,9.1899995803833,54.54543468095427,9.17408046722412,9.342503242492675,Tendência de baixa (SMA curta < SMA longa),-29.3,Viés de baixa
2026-09-08,PETR4.SA,48.09000015258789,77.79285184902821,43.3113561630249,40.96086242675781,RSI sobrecomprado (77.8); Tendência de alta (SMA curta > SMA longa),90.8,Momentum forte de alta
2026-09-08,SOL-USD,103.41000366210938,58.36735252789361,100.75253028869628,85.45469451904297,Tendência de alta (SMA curta > SMA longa),73.1,Momentum forte de alta
2026-09-08,USDBRL=X,5.126699924468994,35.96149231787331,5.164760041236877,5.141028308868409,Tendência de alta (SMA curta > SMA longa),-18.3,Viés de baixa
2026-09-08,VALE3.SA,79.0199966430664,74.58850769845077,75.89496383666992,74.31376266479492,RSI sobrecomprado (74.6); Tendência de alta (SMA curta > SMA longa),74.6,Momentum forte de alta
2026-09-08,WEGE3.SA,52.650001525878906,78.94739622904689,49.45400047302246,47.418600158691405,RSI sobrecomprado (78.9); Tendência de alta (SMA curta > SMA longa),82.7,Momentum forte de alta
2026-09-08,^BVSP,187366.84375,99.72574036064552,174061.3921875,174469.396875,RSI sobrecomprado (99.7); Tendência de baixa (SMA curta < SMA longa),43.8,Momentum forte de alta
2026-09-08,^GSPC,7673.52001953125,48.2082746963588,7704.720532226563,7598.09880859375,Tendência de alta (SMA curta > SMA longa),31.4,Viés de alta
2026-09-09,BBAS3.SA,22.18000030517578,90.2169136549332,19.81336326599121,20.121929321289063,RSI sobrecomprado (90.2); Tendência de baixa (SMA curta < SMA longa),51.3,Momentum forte de alta
2026-09-09,BNB-USD,719.0,52.60449756250983,710.4811798095703,640.1245825195313,Tendência de alta (SMA curta > SMA longa),53.8,Momentum forte de alta
2026-09-09,BOVA11.SA,182.8699951171875,89.72877473702493,172.11149978637695,171.7797998046875,RSI sobrecomprado (89.7); Tendência de alta (SMA curta > SMA longa),78.6,Momentum forte de alta
2026-09-09,BTC-USD,77968.9375,46.565721394699466,78681.284375,70187.7696875,Tendência de alta (SMA curta > SMA longa),42.2,Momentum forte de alta
2026-09-09,ETH-USD,2452.22998046875,45.00059411585847,2466.3423828125,2137.5298681640625,Tendência de alta (SMA curta > SMA longa),44.7,Momentum forte de alta
2026-09-09,HGLG11.SA,146.60000610351562,61.60382520980105,146.1676368713379,146.11724212646484,Tendência de alta (SMA curta > SMA longa),50.0,Momentum forte de alta
2026-09-09,ITUB4.SA,41.59000015258789,72.06525265802566,39.55602588653564,41.26205718994141,RSI sobrecomprado (72.1); Tendência de baixa (SMA curta < SMA longa),36.2,Viés de alta
2026-09-09,IVVB11.SA,440.75,36.68062162263393,448.3415008544922,440.0821997070312,Tendência de alta (SMA curta > SMA longa),15.1,Viés de alta
2026-09-09,MXRF11.SA,9.15999984741211,46.49875338462776,9.16961817741394,9.337345142364502,Tendência de baixa (SMA curta < SMA longa),-39.7,Viés de baixa
2026-09-09,PETR4.SA,48.41999816894531,77.48958469918357,43.7127462387085,41.18967597961426,RSI sobrecomprado (77.5); Tendência de alta (SMA curta > SMA longa),89.8,Momentum forte de alta
2026-09-09,SOL-USD,101.04000091552734,48.49590701463573,101.41843948364256,85.91162490844727,Tendência de alta (SMA curta > SMA longa),53.9,Momentum forte de alta
2026-09-09,USDBRL=X,5.084799766540527,35.47259353955579,5.160325026512146,5.1392303085327145,Tendência de alta (SMA curta > SMA longa),-20.6,Viés de baixa
2026-09-09,VALE3.SA,79.0999984741211,73.7235970812018,76.2314998626709,74.37581329345703,RSI sobrecomprado (73.7); Tendência de alta (SMA curta > SMA longa),73.8,Momentum forte de alta
2026-09-09,WEGE3.SA,51.68999862670898,69.53317287234542,49.67050037384033,47.51660011291504,Tendência de alta (SMA curta > SMA longa),74.4,Momentum forte de alta
2026-09-09,^BVSP,185629.046875,91.6041463206189,174949.10234375,174741.5009375,RSI sobrecomprado (91.6); Tendência de alta (SMA curta > SMA longa),78.3,Momentum forte de alta
2026-09-09,^GSPC,7636.35986328125,43.2426132112675,7700.128515625,7602.01740234375,Tendência de alta (SMA curta > SMA longa),25.0,Viés de alta
2026-09-10,BBAS3.SA,22.799999237060547,91.8855018396289,20.007822895050047,20.18735462188721,RSI sobrecomprado (91.9); Tendência de baixa (SMA curta < SMA longa),56.6,Momentum forte de alta
2026-09-10,BNB-USD,711.6300048828125,49.87518007075149,711.9011016845703,643.0168078613282,Tendência de alta (SMA curta > SMA longa),44.1,Momentum forte de alta
2026-09-10,BOVA11.SA,185.2100067138672,90.69674833569825,173.13850021362305,172.1079998779297,RSI sobrecomprado (90.7); Tendência de alta (SMA curta > SMA longa),80.6,Momentum forte de alta
2026-09-10,BTC-USD,76831.46875,38.81679710510814,78620.627734375,70408.19484375,Tendência de alta (SMA curta > SMA longa),23.4,Viés de alta
2026-09-10,ETH-USD,2444.659912109375,43.954502701598514,2463.5454833984377,2148.0469409179686,Tendência de alta (SMA curta > SMA longa),35.0,Viés de alta
2026-09-10,HGLG11.SA,146.44000244140625,66.02906825317723,146.2482063293457,146.0651696777344,Tendência de alta (SMA curta > SMA longa),55.2,Momentum forte de alta
2026-09-10,ITUB4.SA,42.34999847412109,83.55877142259244,39.75290985107422,41.22654418945312,RSI sobrecomprado (83.6); Tendência de baixa (SMA curta < SMA longa),43.8,Momentum forte de alta
2026-09-10,IVVB11.SA,437.6499938964844,35.879934751491945,447.6020004272461,440.0511993408203,Tendência de alta (SMA curta > SMA longa),-21.1,Viés de baixa
2026-09-10,MXRF11.SA,9.15999984741211,55.50195598435213,9.166145133972169,9.32749824523926,Tendência de baixa (SMA curta < SMA longa),-27.5,Viés de baixa
2026-09-10,PETR4.SA,49.119998931884766,76.56908207272922,44.15931663513184,41.52440452575684,RSI sobrecomprado (76.6); Tendência de alta (SMA curta > SMA longa),95.1,Momentum forte de alta
2026-09-10,SOL-USD,99.3000030517578,34.60403576311971,101.72916221618652,86.3508609008789,Tendência de alta (SMA curta > SMA longa),26.9,Viés de alta
2026-09-10,USDBRL=X,5.103300094604492,35.89827685874914,5.155720019340516,5.136884307861328,Tendência de alta (SMA curta > SMA longa),-20.1,Viés de baixa
2026-09-10,VALE3.SA,78.2300033569336,65.39869267913711,76.48400001525879,74.38564132690429,Tendência de alta (SMA curta > SMA longa),59.3,Momentum forte de alta
2026-09-10,WEGE3.SA,52.16999816894531,72.1503859970612,49.897000312805176,47.64920013427734,RSI sobrecomprado (72.2); Tendência de alta (SMA curta > SMA longa),78.2,Momentum forte de alta
2026-09-10,^BVSP,188268.59375,92.49590337848866,175987.9796875,175073.091875,RSI sobrecomprado (92.5); Tendência de alta (SMA curta > SMA longa),80.5,Momentum forte de alta
2026-09-10,^GSPC,7591.7001953125,45.12977771623529,7692.288525390625,7603.864208984375,Tendência de alta (SMA curta > SMA longa),-7.3,Neutro / lateral
2026-09-11,BBAS3.SA,22.489999771118164,86.34644704169234,20.22634191513061,20.23854286193848,RSI sobrecomprado (86.3); Tendência de baixa (SMA curta < SMA longa),59.0,Momentum forte de alta
2026-09-11,BNB-USD,724.8099975585938,57.88446376745355,713.2316833496094,646.1241650390625,Tendência de alta (SMA curta > SMA longa),56.0,Momentum forte de alta
2026-09-11,BOVA11.SA,183.8500061035156,83.94576521890622,174.1235008239746,172.3870001220703,RSI sobrecomprado (83.9); Tendência de alta (SMA curta > SMA longa),80.2,Momentum forte de alta
2026-09-11,BTC-USD,77150.9609375,47.52735284516225,78610.837890625,70645.0509375,Tendência de alta (SMA curta > SMA longa),37.1,Viés de alta
2026-09-11,ETH-USD,2511.860107421875,56.20913632057855,2467.5478637695314,2160.5909130859377,Tendência de alta (SMA curta > SMA longa),58.1,Momentum forte de alta
2026-09-11,HGLG11.SA,146.0,49.58445450256378,146.30082244873046,146.04111450195313,Tendência de alta (SMA curta > SMA longa),-0.5,Neutro / lateral
2026-09-11,ITUB4.SA,42.72999954223633,81.77170538082707,39.97479114532471,41.23249481201172,RSI sobrecomprado (81.8); Tendência de baixa (SMA curta < SMA longa),45.2,Momentum forte de alta
2026-09-11,IVVB11.SA,443.1499938964844,46.62498474121094,446.9095001220703,440.13419921875,Tendência de alta (SMA curta > SMA longa),27.3,Viés de alta
2026-09-11,MXRF11.SA,9.140000343322754,47.01015281409828,9.163650560379027,9.320783557891843,Tendência de baixa (SMA curta < SMA longa),-38.7,Viés de baixa
2026-09-11,PETR4.SA,49.0,75.90907367631159,44.57807178497315,41.76830856323242,RSI sobrecomprado (75.9); Tendência de alta (SMA curta > SMA longa),94.2,Momentum forte de alta
2026-09-11,SOL-USD,101.91000366210938,46.41582808210662,102.09853134155271,86.8596630859375,Tendência de alta (SMA curta > SMA longa),46.5,Momentum forte de alta
2026-09-11,USDBRL=X,5.126200199127197,48.056077950622814,5.152045035362244,5.134966316223145,Tendência de alta (SMA curta > SMA longa),-3.6,Neutro / lateral
2026-09-11,VALE3.SA,78.19999694824219,62.49012508822791,76.79899978637695,74.42755187988281,Tendência de alta (SMA curta > SMA longa),56.9,Momentum forte de alta
2026-09-11,WEGE3.SA,51.4900016784668,63.34135397916038,50.09650039672852,47.75380020141601,Tendência de alta (SMA curta > SMA longa),65.0,Momentum forte de alta
2026-09-11,^BVSP,187206.890625,86.94397197492418,176993.29453125,175361.4778125,RSI sobrecomprado (86.9); Tendência de alta (SMA curta > SMA longa),80.1,Momentum forte de alta
2026-09-11,^GSPC,7656.97998046875,48.38935213198856,7685.188012695313,7607.339208984375,Tendência de alta (SMA curta > SMA longa),30.7,Viés de alta
2026-09-12,BBAS3.SA,22.489999771118164,86.34644704169234,20.22634191513061,20.23913990020752,RSI sobrecomprado (86.3); Tendência de baixa (SMA curta < SMA longa),58.9,Momentum forte de alta
2026-09-12,BNB-USD,726.0700073242188,57.77423816980401,714.5507690429688,649.4019848632812,Tendência de alta (SMA curta > SMA longa),55.4,Momentum forte de alta
2026-09-12,BOVA11.SA,183.8500061035156,83.94576521890622,174.1235008239746,172.3870001220703,RSI sobrecomprado (83.9); Tendência de alta (SMA curta > SMA longa),80.2,Momentum forte de alta
2026-09-12,BTC-USD,77223.75,46.184661185407776,78585.40390625,70908.012734375,Tendência de alta (SMA curta > SMA longa),34.7,Viés de alta
2026-09-12,ETH-USD,2522.7900390625,55.87554461130606,2470.6402587890625,2173.900654296875,Tendência de alta (SMA curta > SMA longa),56.4,Momentum forte de alta
2026-09-12,HGLG11.SA,146.0,49.58445450256378,146.30082244873046,146.04111389160155,Tendência de alta (SMA curta > SMA longa),-0.5,Neutro / lateral
2026-09-12,ITUB4.SA,42.72999954223633,81.77170538082707,39.97479114532471,41.23249481201172,RSI sobrecomprado (81.8); Tendência de baixa (SMA curta < SMA longa),45.2,Momentum forte de alta
2026-09-12,IVVB11.SA,443.1499938964844,46.62498474121094,446.9095001220703,440.13419921875,Tendência de alta (SMA curta > SMA longa),27.3,Viés de alta
2026-09-12,MXRF11.SA,9.140000343322754,47.01015281409828,9.163650560379027,9.320783443450928,Tendência de baixa (SMA curta < SMA longa),-38.7,Viés de baixa
2026-09-12,PETR4.SA,49.0,75.90907367631159,44.57807178497315,41.76830856323242,RSI sobrecomprado (75.9); Tendência de alta (SMA curta > SMA longa),94.2,Momentum forte de alta
2026-09-12,SOL-USD,101.63999938964844,43.45389578994069,102.4327320098877,87.42458969116211,Tendência de alta (SMA curta > SMA longa),40.8,Momentum forte de alta
2026-09-12,USDBRL=X,5.126200199127197,44.79052481948501,5.14610002040863,5.133334312438965,Tendência de alta (SMA curta > SMA longa),-8.4,Neutro / lateral
2026-09-12,VALE3.SA,78.19999694824219,62.49012508822791,76.79899978637695,74.42755187988281,Tendência de alta (SMA curta > SMA longa),56.9,Momentum forte de alta
2026-09-12,WEGE3.SA,51.4900016784668,63.34135397916038,50.09650039672852,47.75380020141601,Tendência de alta (SMA curta > SMA longa),65.0,Momentum forte de alta
2026-09-12,^BVSP,187207.0,86.94440637704993,176993.3,175361.48,RSI sobrecomprado (86.9); Tendência de alta (SMA curta > SMA longa),80.1,Momentum forte de alta
2026-09-12,^GSPC,7656.97998046875,48.38935213198856,7685.188012695313,7607.339208984375,Tendência de alta (SMA curta > SMA longa),30.7,Viés de alta
2026-09-13,BBAS3.SA,22.489999771118164,86.34644704169234,20.22634191513061,20.23854286193848,RSI sobrecomprado (86.3); Tendência de baixa (SMA curta < SMA longa),59.0,Momentum forte de alta
2026-09-13,BNB-USD,715.3499755859375,56.96860748733167,715.205517578125,652.3672717285157,Tendência de alta (SMA curta > SMA longa),52.8,Momentum forte de alta
2026-09-13,BOVA11.SA,183.8500061035156,83.94576521890622,174.1235008239746,172.3870001220703,RSI sobrecomprado (83.9); Tendência de alta (SMA curta > SMA longa),80.2,Momentum forte de alta
2026-09-13,BTC-USD,76662.1328125,46.268123506623056,78472.622265625,71155.953515625,Tendência de alta (SMA curta > SMA longa),33.7,Viés de alta
2026-09-13,ETH-USD,2473.85009765625,54.90860019384655,2470.39892578125,2185.976298828125,Tendência de alta (SMA curta > SMA longa),52.8,Momentum forte de alta
2026-09-13,HGLG11.SA,146.0,49.58445450256378,146.30082244873046,146.08423217773438,Tendência de alta (SMA curta > SMA longa),-0.5,Neutro / lateral
2026-09-13,ITUB4.SA,42.72999954223633,81.77170538082707,39.97479114532471,41.27311614990234,RSI sobrecomprado (81.8); Tendência de baixa (SMA curta < SMA longa),45.3,Momentum forte de alta
2026-09-13,IVVB11.SA,443.1499938964844,46.62498474121094,446.9095001220703,440.13419921875,Tendência de alta (SMA curta > SMA longa),27.3,Viés de alta
2026-09-13,MXRF11.SA,9.140000343322754,47.01015281409828,9.163650560379027,9.323532638549803,Tendência de baixa (SMA curta < SMA longa),-38.7,Viés de baixa
2026-09-13,PETR4.SA,49.0,75.90907367631159,44.57807178497315,41.68550750732422,RSI sobrecomprado (75.9); Tendência de alta (SMA curta > SMA longa),93.6,Momentum forte de alta
2026-09-13,SOL-USD,99.6999969482422,46.22219785818967,102.496928024292,87.93293014526367,Tendência de alta (SMA curta > SMA longa),40.3,Momentum forte de alta
2026-09-13,USDBRL=X,5.126999855041504,44.95373545033237,5.146140003204346,5.133350305557251,Tendência de alta (SMA curta > SMA longa),-8.2,Neutro / lateral
2026-09-13,VALE3.SA,78.19999694824219,62.49012508822791,76.79899978637695,74.47249084472656,Tendência de alta (SMA curta > SMA longa),57.0,Momentum forte de alta
2026-09-13,WEGE3.SA,51.4900016784668,63.34135397916038,50.09650039672852,47.72640014648437,Tendência de alta (SMA curta > SMA longa),65.0,Momentum forte de alta
2026-09-13,^BVSP,187207.0,86.94440637704993,176993.3,175361.48,RSI sobrecomprado (86.9); Tendência de alta (SMA curta > SMA longa),80.1,Momentum forte de alta
2026-09-13,^GSPC,7656.97998046875,48.38935213198856,7685.188012695313,7607.339208984375,Tendência de alta (SMA curta > SMA longa),30.7,Viés de alta
2026-09-14,BBAS3.SA,22.1200008392334,80.55166423938876,20.417903232574464,20.282928161621093,RSI sobrecomprado (80.6); Tendência de alta (SMA curta > SMA longa),89.0,Momentum forte de alta
2026-09-14,BNB-USD,721.4299926757812,57.00458759843876,716.624755859375,655.3254052734375,Tendência de alta (SMA curta > SMA longa),54.0,Momentum forte de alta
2026-09-14,BOVA11.SA,182.5500030517578,78.83305410888843,175.05600128173828,172.61580017089844,RSI sobrecomprado (78.8); Tendência de alta (SMA curta > SMA longa),79.7,Momentum forte de alta
2026-09-14,BTC-USD,78325.8671875,49.19877486793301,78469.46796875,71419.1853125,Tendência de alta (SMA curta > SMA longa),38.9,Viés de alta
2026-09-14,ETH-USD,2520.14990234375,54.7564610421283,2474.406982421875,2197.3744848632814,Tendência de alta (SMA curta > SMA longa),53.4,Momentum forte de alta
2026-09-14,HGLG11.SA,147.8699951171875,59.99991773000633,146.46033248901367,146.0975762939453,Tendência de alta (SMA curta > SMA longa),48.4,Momentum forte de alta
2026-09-14,ITUB4.SA,42.34999847412109,76.83744192826853,40.143188285827634,41.27146675109864,RSI sobrecomprado (76.8); Tendência de baixa (SMA curta < SMA longa),42.5,Momentum forte de alta
2026-09-14,IVVB11.SA,442.6700134277344,47.41927349051223,446.1380004882813,440.2439996337891,Tendência de alta (SMA curta > SMA longa),28.2,Viés de alta
2026-09-14,MXRF11.SA,9.100000381469728,49.86489680988902,9.156682920455932,9.316017951965332,Tendência de baixa (SMA curta < SMA longa),-35.9,Viés de baixa
2026-09-14,PETR4.SA,48.91999816894531,81.20987751014688,44.98361606597901,41.92781150817871,RSI sobrecomprado (81.2); Tendência de alta (SMA curta > SMA longa),93.5,Momentum forte de alta
2026-09-14,SOL-USD,102.68000030517578,49.49821172162535,102.77803993225098,88.44540237426757,Tendência de alta (SMA curta > SMA longa),48.6,Momentum forte de alta
2026-09-14,USDBRL=X,5.111207962036133,41.540877971705264,5.145350408554077,5.133034467697144,Tendência de alta (SMA curta > SMA longa),-13.1,Viés de baixa
2026-09-14,VALE3.SA,75.4800033569336,43.801681789782016,77.00799980163575,74.46000152587891,Tendência de alta (SMA curta > SMA longa),28.4,Viés de alta
2026-09-14,WEGE3.SA,50.7400016784668,59.41376654307964,50.258500480651854,47.81600021362305,Tendência de alta (SMA curta > SMA longa),57.8,Momentum forte de alta
2026-09-14,^BVSP,185500.875,79.91330036253211,177921.64375,175586.1775,RSI sobrecomprado (79.9); Tendência de alta (SMA curta > SMA longa),79.3,Momentum forte de alta
2026-09-14,^GSPC,7619.97998046875,47.0396558970364,7676.8990234375,7610.07400390625,Tendência de alta (SMA curta > SMA longa),27.9,Viés de alta
2026-09-15,BBAS3.SA,22.040000915527344,75.53530732692774,20.62685775756836,20.331285705566405,RSI sobrecomprado (75.5); Tendência de alta (SMA curta > SMA longa),90.6,Momentum forte de alta
2026-09-15,BNB-USD,713.9600219726562,57.29771617685465,716.869027709961,658.2661145019531,Tendência de alta (SMA curta > SMA longa),51.5,Momentum forte de alta
2026-09-15,BOVA11.SA,183.88999938964844,77.35762227018836,176.0605010986328,172.9086001586914,RSI sobrecomprado (77.4); Tendência de alta (SMA curta > SMA longa),80.6,Momentum forte de alta
2026-09-15,BTC-USD,75763.6796875,44.5312455222298,78298.156640625,71656.71125,Tendência de alta (SMA curta > SMA longa),28.3,Viés de alta
2026-09-15,ETH-USD,2406.97998046875,49.114468452179786,2469.1557861328124,2207.5869555664062,Tendência de alta (SMA curta > SMA longa),37.4,Viés de alta
2026-09-15,HGLG11.SA,148.10000610351562,63.76677848861619,146.66705932617188,146.0688604736328,Tendência de alta (SMA curta > SMA longa),54.4,Momentum forte de alta
2026-09-15,ITUB4.SA,42.66999816894531,75.42447680904277,40.35857105255127,41.22840240478516,RSI sobrecomprado (75.4); Tendência de baixa (SMA curta < SMA longa),44.8,Momentum forte de alta
2026-09-15,IVVB11.SA,441.0700073242188,45.1636817579565,445.4970001220703,440.3397998046875,Tendência de alta (SMA curta > SMA longa),24.8,Viés de alta
2026-09-15,MXRF11.SA,9.130000114440918,49.91570212358905,9.156161403656006,9.304396266937257,Tendência de baixa (SMA curta < SMA longa),-34.4,Viés de baixa
2026-09-15,PETR4.SA,50.43000030517578,88.93653078584047,45.44623851776123,42.28117752075195,RSI sobrecomprado (88.9); Tendência de alta (SMA curta > SMA longa),96.7,Momentum forte de alta
2026-09-15,SOL-USD,97.45999908447266,46.219213754266185,102.53342094421389,88.90806655883789,Tendência de alta (SMA curta > SMA longa),33.2,Viés de alta
2026-09-15,USDBRL=X,5.138000011444092,48.4649222178458,5.142125415802002,5.132922468185424,Tendência de alta (SMA curta > SMA longa),30.0,Viés de alta
2026-09-15,VALE3.SA,74.5999984741211,33.755972169072464,77.16749954223633,74.38205520629883,Tendência de alta (SMA curta > SMA longa),14.0,Viés de alta
2026-09-15,WEGE3.SA,50.880001068115234,57.64705776755738,50.40300045013428,47.931400299072266,Tendência de alta (SMA curta > SMA longa),52.3,Momentum forte de alta
2026-09-15,^BVSP,186502.640625,78.32203901789552,178907.58203125,175867.2728125,RSI sobrecomprado (78.3); Tendência de alta (SMA curta > SMA longa),80.1,Momentum forte de alta
2026-09-15,^GSPC,7585.72998046875,41.90066922052138,7668.93251953125,7611.04,Tendência de alta (SMA curta > SMA longa),-12.2,Viés de baixa
2026-09-16,BBAS3.SA,22.709999084472656,79.10352328421024,20.87677497863769,20.39284420013428,RSI sobrecomprado (79.1); Tendência de alta (SMA curta > SMA longa),96.0,Momentum forte de alta
2026-09-16,BNB-USD,724.3400268554688,58.17071114334324,717.3875305175782,661.3071838378906,Tendência de alta (SMA curta > SMA longa),54.5,Momentum forte de alta
2026-09-16,BOVA11.SA,182.6600036621093,73.44290360561565,177.0160011291504,173.1812002563477,RSI sobrecomprado (73.4); Tendência de alta (SMA curta > SMA longa),77.9,Momentum forte de alta
2026-09-16,BTC-USD,76058.7890625,45.99147328035576,78080.660546875,71897.436328125,Tendência de alta (SMA curta > SMA longa),30.0,Viés de alta
2026-09-16,ETH-USD,2413.840087890625,51.832238474344734,2463.9326293945314,2217.3069262695312,Tendência de alta (SMA curta > SMA longa),42.4,Momentum forte de alta
2026-09-16,HGLG11.SA,147.58999633789062,57.36170003160674,146.84828567504883,146.08940032958984,Tendência de alta (SMA curta > SMA longa),45.4,Momentum forte de alta
2026-09-16,ITUB4.SA,42.619998931884766,74.79955703737289,40.58094959259033,41.23295234680176,RSI sobrecomprado (74.8); Tendência de baixa (SMA curta < SMA longa),45.1,Momentum forte de alta
2026-09-16,IVVB11.SA,438.7999877929688,41.19760391501866,444.7744995117188,440.4017993164063,Tendência de alta (SMA curta > SMA longa),-14.3,Viés de baixa
2026-09-16,MXRF11.SA,9.100000381469728,45.62536715985628,9.153645277023315,9.29649013519287,Tendência de baixa (SMA curta < SMA longa),-40.8,Momentum forte de baixa
2026-09-16,PETR4.SA,48.650001525878906,76.98650929753809,45.813558959960936,42.50877380371094,RSI sobrecomprado (77.0); Tendência de alta (SMA curta > SMA longa),91.3,Momentum forte de alta
2026-09-16,SOL-USD,98.43000030517578,47.21674545751864,101.96592712402344,89.39125137329101,Tendência de alta (SMA curta > SMA longa),31.7,Viés de alta
2026-09-16,USDBRL=X,5.142899990081787,49.18920683688426,5.138555407524109,5.132362470626831,Tendência de alta (SMA curta > SMA longa),31.1,Viés de alta
2026-09-16,VALE3.SA,73.0,30.4939494658338,77.23999938964843,74.35965225219726,Tendência de alta (SMA curta > SMA longa),-26.7,Viés de baixa
2026-09-16,WEGE3.SA,51.27999877929688,55.33499299534285,50.54350032806396,48.03960029602051,Tendência de alta (SMA curta > SMA longa),49.9,Momentum forte de alta
2026-09-16,^BVSP,185547.65625,74.91246585635736,179868.2328125,176137.813125,RSI sobrecomprado (74.9); Tendência de alta (SMA curta > SMA longa),79.5,Momentum forte de alta
2026-09-16,^GSPC,7551.81005859375,39.63278551343101,7661.935034179687,7611.99919921875,Tendência de alta (SMA curta > SMA longa),-14.7,Viés de baixa
2026-09-17,BBAS3.SA,22.780000686645508,77.60537159194116,21.116261768341065,20.459782829284663,RSI sobrecomprado (77.6); Tendência de alta (SMA curta > SMA longa),94.5,Momentum forte de alta
2026-09-17,BNB-USD,736.9500122070312,53.01586783405898,719.7409759521485,664.642861328125,Tendência de alta (SMA curta > SMA longa),52.8,Momentum forte de alta
2026-09-17,BOVA11.SA,183.27999877929688,73.488780575222,177.93000106811525,173.49560028076172,RSI sobrecomprado (73.5); Tendência de alta (SMA curta > SMA longa),77.1,Momentum forte de alta
2026-09-17,BTC-USD,76424.2109375,29.601768922353884,78014.933203125,72149.5878125,RSI sobrevendido (29.6); Tendência de alta (SMA curta > SMA longa),11.2,Viés de alta
2026-09-17,ETH-USD,2447.22998046875,44.226707220540206,2464.281323242188,2228.1267407226565,Tendência de alta (SMA curta > SMA longa),36.8,Viés de alta
2026-09-17,HGLG11.SA,147.97999572753906,57.3224593767333,147.00982360839845,146.1277798461914,Tendência de alta (SMA curta > SMA longa),45.2,Momentum forte de alta
2026-09-17,ITUB4.SA,42.58000183105469,78.58777374151543,40.79233245849609,41.24749282836914,RSI sobrecomprado (78.6); Tendência de baixa (SMA curta < SMA longa),43.9,Momentum forte de alta
2026-09-17,IVVB11.SA,442.6000061035156,41.12711473060764,444.3895004272461,440.5797991943359,Tendência de alta (SMA curta > SMA longa),20.8,Viés de alta
2026-09-17,MXRF11.SA,9.06999969482422,40.46012349187485,9.147650671005248,9.288375434875489,Tendência de baixa (SMA curta < SMA longa),-48.2,Momentum forte de baixa
2026-09-17,PETR4.SA,48.61000061035156,74.36108543694633,46.15415534973145,42.71210647583008,RSI sobrecomprado (74.4); Tendência de alta (SMA curta > SMA longa),88.7,Momentum forte de alta
2026-09-17,SOL-USD,101.52999877929688,46.46591147615437,101.8466724395752,89.95414443969726,Tendência de alta (SMA curta > SMA longa),38.3,Viés de alta
2026-09-17,USDBRL=X,5.150899887084961,48.12361953449695,5.137265396118164,5.132110471725464,Tendência de alta (SMA curta > SMA longa),30.4,Viés de alta
2026-09-17,VALE3.SA,74.51000213623047,34.48045265635996,77.35899963378907,74.4355387878418,Tendência de alta (SMA curta > SMA longa),13.6,Viés de alta
2026-09-17,WEGE3.SA,51.08000183105469,55.12980350292162,50.67200050354004,48.15420036315918,Tendência de alta (SMA curta > SMA longa),48.9,Momentum forte de alta
2026-09-17,^BVSP,185992.03125,74.79336778749744,180776.3515625,176444.580625,RSI sobrecomprado (74.8); Tendência de alta (SMA curta > SMA longa),78.5,Momentum forte de alta
2026-09-17,^GSPC,7637.759765625,42.57918833414951,7658.4240234375,7615.1001953125,Tendência de alta (SMA curta > SMA longa),23.3,Viés de alta
2026-09-18,BBAS3.SA,23.200000762939453,79.25866000789878,21.13726177215576,20.45823246002197,RSI sobrecomprado (79.3); Tendência de alta (SMA curta > SMA longa),97.5,Momentum forte de alta
2026-09-18,BNB-USD,762.719970703125,59.4133841387111,723.2993743896484,668.0780432128906,Tendência de alta (SMA curta > SMA longa),65.6,Momentum forte de alta
2026-09-18,BOVA11.SA,182.47000122070312,70.61311314217582,178.8035011291504,173.74900024414063,RSI sobrecomprado (70.6); Tendência de alta (SMA curta > SMA longa),72.5,Momentum forte de alta
2026-09-18,BTC-USD,81081.1015625,54.71617796329639,78155.67578125,72476.294921875,Tendência de alta (SMA curta > SMA longa),51.0,Momentum forte de alta
2026-09-18,ETH-USD,2613.389892578125,62.27655529631252,2472.060339355469,2242.044614257813,Tendência de alta (SMA curta > SMA longa),68.4,Momentum forte de alta
2026-09-18,HGLG11.SA,147.97999572753906,57.3224593767333,147.00982360839845,146.14806274414062,Tendência de alta (SMA curta > SMA longa),45.2,Momentum forte de alta
2026-09-18,ITUB4.SA,42.33000183105469,75.50250699382387,40.779832458496095,41.27152435302735,RSI sobrecomprado (75.5); Tendência de baixa (SMA curta < SMA longa),44.1,Momentum forte de alta
2026-09-18,IVVB11.SA,443.5,39.45748767256898,444.1645004272461,440.7481994628906,Tendência de alta (SMA curta > SMA longa),19.5,Viés de alta
2026-09-18,MXRF11.SA,9.100000381469728,44.03929001271048,9.149150705337524,9.291724643707276,Tendência de baixa (SMA curta < SMA longa),-43.3,Momentum forte de baixa
2026-09-18,PETR4.SA,48.5,73.6928040919479,46.148655319213866,42.65987678527832,RSI sobrecomprado (73.7); Tendência de alta (SMA curta > SMA longa),87.9,Momentum forte de alta
2026-09-18,SOL-USD,113.26000213623048,62.75422117530459,102.23074111938476,90.73145233154295,Tendência de alta (SMA curta > SMA longa),73.0,Momentum forte de alta
2026-09-18,USDBRL=X,5.142099857330322,40.19964289657326,5.134715390205384,5.132274465560913,Tendência de alta (SMA curta > SMA longa),19.1,Viés de alta
2026-09-18,VALE3.SA,73.37000274658203,29.02049951284588,77.30199966430663,74.34990188598633,RSI sobrevendido (29.0); Tendência de alta (SMA curta > SMA longa),-28.7,Viés de baixa
2026-09-18,WEGE3.SA,51.77999877929688,59.11799100477042,50.70700035095215,48.12260025024414,Tendência de alta (SMA curta > SMA longa),56.1,Momentum forte de alta
2026-09-18,^BVSP,185229.171875,71.6111852934053,181641.45859375,176694.3234375,RSI sobrecomprado (71.6); Tendência de alta (SMA curta > SMA longa),73.5,Momentum forte de alta
2026-09-18,^GSPC,7650.5,45.07303655833578,7658.891015625,7617.237392578125,Tendência de alta (SMA curta > SMA longa),27.7,Viés de alta
2026-09-19,BBAS3.SA,23.200000762939453,79.25866000789878,21.13726177215576,20.468182830810548,RSI sobrecomprado (79.3); Tendência de alta (SMA curta > SMA longa),97.2,Momentum forte de alta
2026-09-19,BNB-USD,761.0999755859375,48.31976012908308,727.0287384033203,671.537431640625,Tendência de alta (SMA curta > SMA longa),51.5,Momentum forte de alta
2026-09-19,BOVA11.SA,182.47000122070312,70.61311314217582,178.8035011291504,173.74900024414063,RSI sobrecomprado (70.6); Tendência de alta (SMA curta > SMA longa),72.5,Momentum forte de alta
2026-09-19,BTC-USD,81202.5,54.62353792550881,78323.440234375,72840.4771875,Tendência de alta (SMA curta > SMA longa),51.8,Momentum forte de alta
2026-09-19,ETH-USD,2627.89990234375,61.669473114436855,2482.456262207031,2257.3548388671875,Tendência de alta (SMA curta > SMA longa),69.6,Momentum forte de alta
2026-09-19,HGLG11.SA,147.97999572753906,57.3224593767333,147.00982360839845,146.1277798461914,Tendência de alta (SMA curta > SMA longa),45.2,Momentum forte de alta
2026-09-19,ITUB4.SA,42.33000183105469,75.50250699382387,40.779832458496095,41.24249282836914,RSI sobrecomprado (75.5); Tendência de baixa (SMA curta < SMA longa),43.2,Momentum forte de alta
2026-09-19,IVVB11.SA,443.5,39.45748767256898,444.1645004272461,440.7481994628906,Tendência de alta (SMA curta > SMA longa),19.5,Viés de alta
2026-09-19,MXRF11.SA,9.100000381469728,44.03929001271048,9.149150705337524,9.2889754486084,Tendência de baixa (SMA curta < SMA longa),-43.0,Momentum forte de baixa
2026-09-19,PETR4.SA,48.5,73.6928040919479,46.148655319213866,42.70990646362305,RSI sobrecomprado (73.7); Tendência de alta (SMA curta > SMA longa),87.5,Momentum forte de alta
2026-09-19,SOL-USD,110.58999633789062,58.32651216645009,102.63336715698242,91.4742430114746,Tendência de alta (SMA curta > SMA longa),66.5,Momentum forte de alta
2026-09-19,USDBRL=X,5.142099857330322,40.19964289657326,5.134715390205384,5.132274465560913,Tendência de alta (SMA curta > SMA longa),19.1,Viés de alta
2026-09-19,VALE3.SA,73.37000274658203,29.02049951284588,77.30199966430663,74.41273880004883,RSI sobrevendido (29.0); Tendência de alta (SMA curta > SMA longa),-28.8,Viés de baixa
2026-09-19,WEGE3.SA,51.77999877929688,59.11799100477042,50.70700035095215,48.16820030212402,Tendência de alta (SMA curta > SMA longa),55.9,Momentum forte de alta
2026-09-19,^BVSP,185229.0,71.61062906724513,181641.45,176694.32,RSI sobrecomprado (71.6); Tendência de alta (SMA curta > SMA longa),73.5,Momentum forte de alta
2026-09-19,^GSPC,7650.5,45.07303655833578,7658.891015625,7617.237392578125,Tendência de alta (SMA curta > SMA longa),27.7,Viés de alta
2026-09-20,BBAS3.SA,22.709999084472656,79.10352328421024,20.87677497863769,20.386873931884764,RSI sobrecomprado (79.1); Tendência de alta (SMA curta > SMA longa),95.8,Momentum forte de alta
2026-09-20,BNB-USD,773.27001953125,56.08343511603228,731.1881958007813,675.5225268554688,Tendência de alta (SMA curta > SMA longa),63.2,Momentum forte de alta
2026-09-20,BTC-USD,81155.546875,52.779122510612005,78455.344921875,73208.9453125,Tendência de alta (SMA curta > SMA longa),47.9,Momentum forte de alta
2026-09-20,ETH-USD,2634.0,59.90738003345172,2491.0183837890627,2273.247739257813,Tendência de alta (SMA curta > SMA longa),65.0,Momentum forte de alta
2026-09-20,HGLG11.SA,147.97999572753906,57.3224593767333,147.00982360839845,146.14806274414062,Tendência de alta (SMA curta > SMA longa),45.2,Momentum forte de alta
2026-09-20,ITUB4.SA,42.619998931884766,74.79955703737289,40.58094959259033,41.272774353027344,RSI sobrecomprado (74.8); Tendência de baixa (SMA curta < SMA longa),44.9,Momentum forte de alta
2026-09-20,IVVB11.SA,443.5,39.45748767256898,444.1645004272461,440.7481994628906,Tendência de alta (SMA curta > SMA longa),19.5,Viés de alta
2026-09-20,MXRF11.SA,9.100000381469728,44.03929001271048,9.149150705337524,9.291724643707276,Tendência de baixa (SMA curta < SMA longa),-43.3,Momentum forte de baixa
2026-09-20,PETR4.SA,48.650001525878906,76.98650929753809,45.813558959960936,42.43528053283691,RSI sobrecomprado (77.0); Tendência de alta (SMA curta > SMA longa),91.2,Momentum forte de alta
2026-09-20,SOL-USD,110.8000030517578,55.31028561237039,103.04476928710938,92.26141632080078,Tendência de alta (SMA curta > SMA longa),60.9,Momentum forte de alta
2026-09-20,USDBRL=X,5.142099857330322,42.851929380009366,5.134055399894715,5.132600469589233,Tendência de alta (SMA curta > SMA longa),23.5,Viés de alta
2026-09-20,VALE3.SA,73.0,30.4939494658338,77.23999938964843,74.36490478515626,Tendência de alta (SMA curta > SMA longa),-26.4,Viés de baixa
2026-09-20,WEGE3.SA,51.27999877929688,55.33499299534285,50.54350032806396,48.0044002532959,Tendência de alta (SMA curta > SMA longa),49.3,Momentum forte de alta
2026-09-20,^BVSP,185229.0,71.61062906724513,181641.45,176694.32,RSI sobrecomprado (71.6); Tendência de alta (SMA curta > SMA longa),73.5,Momentum forte de alta
2026-09-20,^GSPC,7650.5,45.07303655833578,7658.891015625,7617.237392578125,Tendência de alta (SMA curta > SMA longa),27.7,Viés de alta
2026-09-21,BBAS3.SA,22.989999771118164,72.9199962692349,21.61131219863892,20.576010971069337,RSI sobrecomprado (72.9); Tendência de alta (SMA curta > SMA longa),90.7,Momentum forte de alta
2026-09-21,BNB-USD,798.4400024414062,65.92493813289812,736.926644897461,679.7215234375,Tendência de alta (SMA curta > SMA longa),81.8,Momentum forte de alta
2026-09-21,BOVA11.SA,183.9499969482422,69.87429848900236,179.58450088500976,173.92780029296875,Tendência de alta (SMA curta > SMA longa),70.8,Momentum forte de alta
2026-09-21,BTC-USD,86496.28125,69.81387402193779,78909.330859375,73668.9721875,Tendência de alta (SMA curta > SMA longa),79.6,Momentum forte de alta
2026-09-21,ETH-USD,2770.31005859375,69.5198585567438,2509.091662597656,2291.183452148437,Tendência de alta (SMA curta > SMA longa),86.1,Momentum forte de alta
2026-09-21,HGLG11.SA,148.1999969482422,56.98775574428263,147.31363906860352,146.18374145507812,Tendência de alta (SMA curta > SMA longa),44.3,Momentum forte de alta
2026-09-21,ITUB4.SA,43.08000183105469,76.7101185896359,41.25908374786377,41.219428863525394,RSI sobrecomprado (76.7); Tendência de alta (SMA curta > SMA longa),78.1,Momentum forte de alta
2026-09-21,IVVB11.SA,447.0,47.1584011029116,444.2220001220703,440.9623992919922,Tendência de alta (SMA curta > SMA longa),31.0,Viés de alta
2026-09-21,MXRF11.SA,9.109999656677246,39.39398318064907,9.144107580184937,9.271196689605713,Tendência de baixa (SMA curta < SMA longa),-48.9,Momentum forte de baixa
2026-09-21,PETR4.SA,48.0,64.29941926553548,46.68299999237061,43.11290397644043,Tendência de alta (SMA curta > SMA longa),72.0,Momentum forte de alta
2026-09-21,SOL-USD,118.54000091552734,66.05118164778067,103.98907089233398,93.16989807128908,Tendência de alta (SMA curta > SMA longa),87.5,Momentum forte de alta
2026-09-21,USDBRL=X,5.111100196838379,42.546243849287,5.131825399398804,5.131836471557617,Tendência de baixa (SMA curta < SMA longa),-44.5,Momentum forte de baixa
2026-09-21,VALE3.SA,72.55000305175781,32.925285573622375,77.20250015258789,74.4877653503418,Tendência de alta (SMA curta > SMA longa),-26.9,Viés de baixa
2026-09-21,WEGE3.SA,51.08000183105469,55.79148153403506,50.831332778930665,48.26837059020996,Tendência de alta (SMA curta > SMA longa),47.6,Momentum forte de alta
2026-09-21,^BVSP,186595.59375,71.10474501185139,182419.6296875,176868.911875,RSI sobrecomprado (71.1); Tendência de alta (SMA curta > SMA longa),72.2,Momentum forte de alta
2026-09-21,^GSPC,7764.7001953125,55.53037891230027,7663.40751953125,7621.02359375,Tendência de alta (SMA curta > SMA longa),43.5,Momentum forte de alta
2026-09-22,BBAS3.SA,22.670000076293945,65.69896434847385,21.819427967071533,20.62662010192871,Tendência de alta (SMA curta > SMA longa),77.6,Momentum forte de alta
2026-09-22,BNB-USD,789.3099975585938,60.186461701749614,742.016488647461,683.7408227539063,Tendência de alta (SMA curta > SMA longa),72.0,Momentum forte de alta
2026-09-22,BOVA11.SA,184.3000030517578,67.06161154577384,180.3490013122559,174.1688003540039,Tendência de alta (SMA curta > SMA longa),66.6,Momentum forte de alta
2026-09-22,BTC-USD,86224.46875,71.12034728621188,79360.862109375,74126.37625,RSI sobrecomprado (71.1); Tendência de alta (SMA curta > SMA longa),81.3,Momentum forte de alta
2026-09-22,ETH-USD,2758.610107421875,68.6535059765597,2527.755029296875,2309.3136889648435,Tendência de alta (SMA curta > SMA longa),85.2,Momentum forte de alta
2026-09-22,HGLG11.SA,147.8800048828125,55.85108109862996,147.38832778930663,146.22622314453125,Tendência de alta (SMA curta > SMA longa),42.2,Momentum forte de alta
2026-09-22,ITUB4.SA,43.18000030517578,75.70095123897555,41.48247470855713,41.213398132324215,RSI sobrecomprado (75.7); Tendência de alta (SMA curta > SMA longa),77.5,Momentum forte de alta
2026-09-22,IVVB11.SA,447.0,53.64510179083702,444.3369995117188,441.21039916992186,Tendência de alta (SMA curta > SMA longa),40.0,Viés de alta
2026-09-22,MXRF11.SA,9.09000015258789,31.24994412042569,9.14356451034546,9.262698764801025,Tendência de baixa (SMA curta < SMA longa),-59.3,Momentum forte de baixa
2026-09-22,PETR4.SA,48.34999847412109,58.29595971475309,46.99499988555908,43.29145133972168,Tendência de alta (SMA curta > SMA longa),66.6,Momentum forte de alta
2026-09-22,SOL-USD,118.7300033569336,66.96630146277619,104.91679649353028,94.07922668457032,Tendência de alta (SMA curta > SMA longa),88.7,Momentum forte de alta
2026-09-22,USDBRL=X,5.110400199890137,42.4384933744844,5.131790399551392,5.131822471618652,Tendência de baixa (SMA curta < SMA longa),-44.7,Momentum forte de baixa
2026-09-22,VALE3.SA,72.83000183105469,32.18241353190626,76.98750038146973,74.52713363647462,Tendência de alta (SMA curta > SMA longa),-30.0,Viés de baixa
2026-09-22,WEGE3.SA,51.79999923706055,61.97696518894668,50.97291278839111,48.41840881347656,Tendência de alta (SMA curta > SMA longa),58.0,Momentum forte de alta
2026-09-22,^BVSP,187422.921875,68.99909090278211,183195.44609375,177102.5984375,Tendência de alta (SMA curta > SMA longa),69.2,Momentum forte de alta
2026-09-22,^GSPC,7764.64013671875,60.15557392554198,7668.996533203125,7626.009599609375,Tendência de alta (SMA curta > SMA longa),49.9,Momentum forte de alta
2026-09-23,BBAS3.SA,22.170000076293945,48.96073679193504,21.954284477233887,20.66026393890381,Tendência de alta (SMA curta > SMA longa),46.7,Momentum forte de alta
2026-09-23,BNB-USD,765.719970703125,62.28665119310641,743.9949615478515,687.1759777832032,Tendência de alta (SMA curta > SMA longa),66.1,Momentum forte de alta
2026-09-23,BOVA11.SA,182.8600006103516,51.69832039073754,180.8980010986328,174.35400024414062,Tendência de alta (SMA curta > SMA longa),43.4,Momentum forte de alta
2026-09-23,BTC-USD,84440.03125,65.42228647646942,79516.6671875,74533.0140625,Tendência de alta (SMA curta > SMA longa),67.1,Momentum forte de alta
2026-09-23,ETH-USD,2683.219970703125,63.674322727536506,2536.21611328125,2325.4908203125,Tendência de alta (SMA curta > SMA longa),71.7,Momentum forte de alta
2026-09-23,HGLG11.SA,147.60000610351562,48.42406250409888,147.46439437866212,146.25700256347656,Tendência de alta (SMA curta > SMA longa),32.3,Viés de alta
2026-09-23,ITUB4.SA,42.369998931884766,58.421049109234254,41.62988204956055,41.18896926879883,Tendência de alta (SMA curta > SMA longa),50.9,Momentum forte de alta
2026-09-23,IVVB11.SA,449.1900024414063,60.26674648654057,444.546499633789,441.55419921875,Tendência de alta (SMA curta > SMA longa),49.5,Momentum forte de alta
2026-09-23,MXRF11.SA,9.029999732971191,28.571311794790745,9.13853759765625,9.25300106048584,RSI sobrevendido (28.6); Tendência de baixa (SMA curta < SMA longa),-64.3,Momentum forte de baixa
2026-09-23,PETR4.SA,49.59999847412109,57.91853895371141,47.40749988555908,43.49499870300293,Tendência de alta (SMA curta > SMA longa),72.0,Momentum forte de alta
2026-09-23,SOL-USD,114.9000015258789,63.98816009151793,105.45174980163574,94.89841995239256,Tendência de alta (SMA curta > SMA longa),77.9,Momentum forte de alta
2026-09-23,USDBRL=X,5.099899768829346,51.58305951230151,5.129465389251709,5.132062463760376,Tendência de baixa (SMA curta < SMA longa),-32.4,Viés de baixa
2026-09-23,VALE3.SA,71.4800033569336,17.183110245252706,76.62650070190429,74.51693511962891,RSI sobrevendido (17.2); Tendência de alta (SMA curta > SMA longa),-43.0,Momentum forte de baixa
2026-09-23,WEGE3.SA,51.15999984741211,52.444401760620046,51.05704555511475,48.559439163208005,Tendência de alta (SMA curta > SMA longa),42.5,Momentum forte de alta
2026-09-23,^BVSP,185814.09375,65.06286659299387,183115.0046875,177070.421875,Tendência de alta (SMA curta > SMA longa),62.8,Momentum forte de alta
2026-09-23,^GSPC,7706.02978515625,55.21935953142049,7666.066015625,7624.837392578125,Tendência de alta (SMA curta > SMA longa),42.4,Momentum forte de alta
2026-09-24,BBAS3.SA,21.540000915527344,40.461210819352765,22.060128593444823,20.692452201843263,Tendência de alta (SMA curta > SMA longa),31.8,Viés de alta
2026-09-24,BNB-USD,776.6500244140625,69.9535880429234,746.8411529541015,690.8752368164063,Tendência de alta (SMA curta > SMA longa),78.9,Momentum forte de alta
2026-09-24,BOVA11.SA,180.8699951171875,46.43225143711942,181.35050048828128,174.51620025634764,Tendência de alta (SMA curta > SMA longa),35.1,Viés de alta
2026-09-24,BTC-USD,84389.53125,71.24258311032801,79749.694140625,74927.71421875,RSI sobrecomprado (71.2); Tendência de alta (SMA curta > SMA longa),77.1,Momentum forte de alta
2026-09-24,ETH-USD,2689.4599609375,66.50711116931066,2547.9588012695312,2341.178937988281,Tendência de alta (SMA curta > SMA longa),78.1,Momentum forte de alta
2026-09-24,HGLG11.SA,147.92999267578125,45.78303562605851,147.53612594604493,146.3146649169922,Tendência de alta (SMA curta > SMA longa),28.8,Viés de alta
2026-09-24,ITUB4.SA,41.869998931884766,49.56063928710062,41.7517894744873,41.218341217041015,Tendência de alta (SMA curta > SMA longa),37.7,Viés de alta
2026-09-24,IVVB11.SA,451.1499938964844,57.62961368850035,444.796499633789,441.90919921875,Tendência de alta (SMA curta > SMA longa),45.8,Momentum forte de alta
2026-09-24,MXRF11.SA,9.029999732971191,30.302951486725107,9.13351068496704,9.246835441589356,Tendência de baixa (SMA curta < SMA longa),-62.0,Momentum forte de baixa
2026-09-24,PETR4.SA,49.2599983215332,59.95314265804861,47.79799976348877,43.661301651000976,Tendência de alta (SMA curta > SMA longa),73.5,Momentum forte de alta
2026-09-24,SOL-USD,117.0500030517578,69.70282191945017,106.21054306030274,95.7616993713379,Tendência de alta (SMA curta > SMA longa),91.4,Momentum forte de alta
2026-09-24,USDBRL=X,5.164299964904785,61.16401813827068,5.13031039237976,5.133530464172363,Tendência de baixa (SMA curta < SMA longa),15.0,Viés de alta
2026-09-24,VALE3.SA,70.66000366210938,19.25811202867256,76.23700103759765,74.45298477172851,RSI sobrevendido (19.3); Tendência de alta (SMA curta > SMA longa),-44.0,Momentum forte de baixa
2026-09-24,WEGE3.SA,50.7400016784668,42.32906334684994,51.07826557159424,48.6236116027832,Tendência de alta (SMA curta > SMA longa),26.6,Viés de alta
2026-09-24,^BVSP,183965.90625,46.2644354964831,183584.4453125,177216.918125,Tendência de alta (SMA curta > SMA longa),34.9,Viés de alta
2026-09-24,^GSPC,7704.1298828125,52.75537032111154,7667.408520507813,7628.048193359375,Tendência de alta (SMA curta > SMA longa),38.9,Viés de alta
2026-09-25,BBAS3.SA,21.59000015258789,40.21051524153478,22.1460844039917,20.71529209136963,Tendência de alta (SMA curta > SMA longa),29.9,Viés de alta
2026-09-25,BNB-USD,776.8900146484375,66.46607374588154,747.3325012207031,694.576953125,Tendência de alta (SMA curta > SMA longa),68.6,Momentum forte de alta
2026-09-25,BOVA11.SA,180.82000732421875,47.06500024791551,181.771501159668,174.7172003173828,Tendência de alta (SMA curta > SMA longa),35.8,Viés de alta
2026-09-25,BTC-USD,84073.4609375,69.05238669081122,79961.650390625,75323.731796875,Tendência de alta (SMA curta > SMA longa),73.4,Momentum forte de alta
2026-09-25,ETH-USD,2691.909912109375,62.85343660767452,2558.4095947265623,2356.9328173828126,Tendência de alta (SMA curta > SMA longa),72.1,Momentum forte de alta
2026-09-25,HGLG11.SA,147.86000061035156,46.625742463034825,147.58451614379882,146.34021118164063,Tendência de alta (SMA curta > SMA longa),29.3,Viés de alta
2026-09-25,ITUB4.SA,42.130001068115234,51.76473001884268,41.904189109802246,41.19890380859375,Tendência de alta (SMA curta > SMA longa),42.0,Momentum forte de alta
2026-09-25,IVVB11.SA,453.0,58.24815892293094,444.9464996337891,442.30839904785154,Tendência de alta (SMA curta > SMA longa),46.2,Momentum forte de alta
2026-09-25,MXRF11.SA,9.100000381469728,37.8379423310385,9.131489181518557,9.23795030593872,Tendência de baixa (SMA curta < SMA longa),-51.0,Momentum forte de baixa
2026-09-25,PETR4.SA,47.9900016784668,54.70086201591333,48.062499809265134,43.83400650024414,Tendência de alta (SMA curta > SMA longa),59.9,Momentum forte de alta
2026-09-25,SOL-USD,122.06999969482422,70.53361579140656,107.15261726379394,96.75075119018555,RSI sobrecomprado (70.5); Tendência de alta (SMA curta > SMA longa),94.0,Momentum forte de alta
2026-09-25,USDBRL=X,5.186600208282471,60.76263208159576,5.13158540725708,5.134990472793579,Tendência de baixa (SMA curta < SMA longa),14.8,Viés de alta
2026-09-25,VALE3.SA,70.7699966430664,18.873849236696643,75.8200008392334,74.41885910034179,RSI sobrevendido (18.9); Tendência de alta (SMA curta > SMA longa),-44.4,Momentum forte de baixa
2026-09-25,WEGE3.SA,51.06999969482422,46.44291690793911,51.124467849731445,48.761644439697264,Tendência de alta (SMA curta > SMA longa),33.3,Viés de alta
2026-09-25,^BVSP,183476.859375,45.52724144251056,184643.39296875,177638.1971875,Tendência de alta (SMA curta > SMA longa),33.6,Viés de alta
2026-09-25,^GSPC,7743.41015625,52.0333102567899,7672.476513671875,7636.08580078125,Tendência de alta (SMA curta > SMA longa),37.5,Viés de alta
2026-09-26,BBAS3.SA,21.59000015258789,40.21051524153478,22.1460844039917,20.70076457977295,Tendência de alta (SMA curta > SMA longa),30.5,Viés de alta
2026-09-26,BNB-USD,773.2000122070312,64.79404667114854,748.3629150390625,698.1951904296875,Tendência de alta (SMA curta > SMA longa),66.9,Momentum forte de alta
2026-09-26,BOVA11.SA,180.82000732421875,47.06500024791551,181.771501159668,174.7172003173828,Tendência de alta (SMA curta > SMA longa),35.8,Viés de alta
2026-09-26,BTC-USD,84352.453125,69.27964064979093,80159.84375,75712.40625,Tendência de alta (SMA curta > SMA longa),72.9,Momentum forte de alta
2026-09-26,ETH-USD,2693.179931640625,62.30982556246347,2567.26943359375,2372.502141113281,Tendência de alta (SMA curta > SMA longa),68.3,Momentum forte de alta
2026-09-26,HGLG11.SA,147.86000061035156,46.625742463034825,147.58451614379882,146.3024087524414,Tendência de alta (SMA curta > SMA longa),29.5,Viés de alta
2026-09-26,ITUB4.SA,42.130001068115234,51.76473001884268,41.904189109802246,41.15668395996094,Tendência de alta (SMA curta > SMA longa),42.2,Momentum forte de alta
2026-09-26,IVVB11.SA,453.0,58.24815892293094,444.9464996337891,442.30839904785154,Tendência de alta (SMA curta > SMA longa),46.2,Momentum forte de alta
2026-09-26,MXRF11.SA,9.100000381469728,37.8379423310385,9.131489181518557,9.23402654647827,Tendência de baixa (SMA curta < SMA longa),-51.3,Momentum forte de baixa
2026-09-26,PETR4.SA,48.06999969482422,55.17240954069065,48.06649971008301,43.88098220825195,Tendência de alta (SMA curta > SMA longa),61.1,Momentum forte de alta
2026-09-26,SOL-USD,121.61000061035156,70.80864479398888,107.90772285461426,97.70889297485353,RSI sobrecomprado (70.8); Tendência de alta (SMA curta > SMA longa),92.5,Momentum forte de alta
2026-09-26,USDBRL=X,5.186600208282471,60.76263208159576,5.13158540725708,5.134990472793579,Tendência de baixa (SMA curta < SMA longa),14.8,Viés de alta
2026-09-26,VALE3.SA,70.7699966430664,18.873849236696643,75.8200008392334,74.47624877929688,RSI sobrevendido (18.9); Tendência de alta (SMA curta > SMA longa),-44.3,Momentum forte de baixa
2026-09-26,WEGE3.SA,51.06999969482422,46.44291690793911,51.124467849731445,48.84427299499512,Tendência de alta (SMA curta > SMA longa),33.2,Viés de alta
2026-09-26,^BVSP,183477.0,45.52758435993572,184643.4,177638.2,Tendência de alta (SMA curta > SMA longa),33.6,Viés de alta
2026-09-26,^GSPC,7743.41015625,52.0333102567899,7672.476513671875,7636.08580078125,Tendência de alta (SMA curta > SMA longa),37.5,Viés de alta
2026-09-27,BBAS3.SA,21.59000015258789,40.21051524153478,22.1460844039917,20.71529209136963,Tendência de alta (SMA curta > SMA longa),29.9,Viés de alta
2026-09-27,BNB-USD,777.6300048828125,70.73050107106691,750.2448333740234,701.7400622558594,RSI sobrecomprado (70.7); Tendência de alta (SMA curta > SMA longa),77.7,Momentum forte de alta
2026-09-27,BOVA11.SA,180.82000732421875,47.06500024791551,181.771501159668,174.7172003173828,Tendência de alta (SMA curta > SMA longa),35.8,Viés de alta
2026-09-27,BTC-USD,84359.046875,70.85015122020104,80424.703515625,76102.5734375,RSI sobrecomprado (70.9); Tendência de alta (SMA curta > SMA longa),77.4,Momentum forte de alta
2026-09-27,ETH-USD,2684.669921875,66.14869932236795,2577.056689453125,2387.9255444335936,Tendência de alta (SMA curta > SMA longa),75.3,Momentum forte de alta
2026-09-27,HGLG11.SA,147.86000061035156,46.625742463034825,147.58451614379882,146.34021118164063,Tendência de alta (SMA curta > SMA longa),29.3,Viés de alta
2026-09-27,ITUB4.SA,42.130001068115234,51.76473001884268,41.904189109802246,41.19890380859375,Tendência de alta (SMA curta > SMA longa),42.0,Momentum forte de alta
2026-09-27,IVVB11.SA,453.0,58.24815892293094,444.9464996337891,442.30839904785154,Tendência de alta (SMA curta > SMA longa),46.2,Momentum forte de alta
2026-09-27,MXRF11.SA,9.100000381469728,37.8379423310385,9.131489181518557,9.23795030593872,Tendência de baixa (SMA curta < SMA longa),-51.0,Momentum forte de baixa
2026-09-27,PETR4.SA,48.06999969482422,55.17240954069065,48.06649971008301,43.83560646057129,Tendência de alta (SMA curta > SMA longa),60.7,Momentum forte de alta
2026-09-27,SOL-USD,121.83999633789062,74.72344358856968,108.79719314575196,98.62256103515624,RSI sobrecomprado (74.7); Tendência de alta (SMA curta > SMA longa),99.6,Momentum forte de alta
2026-09-27,USDBRL=X,5.184199810028076,59.90351574562585,5.131430387496948,5.136212463378906,Tendência de baixa (SMA curta < SMA longa),12.9,Viés de alta
2026-09-27,VALE3.SA,70.7699966430664,18.873849236696643,75.8200008392334,74.41885910034179,RSI sobrevendido (18.9); Tendência de alta (SMA curta > SMA longa),-44.4,Momentum forte de baixa
2026-09-27,WEGE3.SA,51.06999969482422,46.44291690793911,51.124467849731445,48.761644439697264,Tendência de alta (SMA curta > SMA longa),33.3,Viés de alta
2026-09-27,^BVSP,183477.0,45.52758435993572,184643.4,177638.2,Tendência de alta (SMA curta > SMA longa),33.6,Viés de alta
2026-09-27,^GSPC,7743.41015625,52.0333102567899,7672.476513671875,7636.08580078125,Tendência de alta (SMA curta > SMA longa),37.5,Viés de alta
2026-09-29,BBAS3.SA,21.489999771118164,38.36476528798986,22.21708974838257,20.722798500061035,Tendência de alta (SMA curta > SMA longa),26.9,Viés de alta
2026-09-29,BNB-USD,762.0599975585938,62.90485025578213,750.7897430419922,704.9712841796875,Tendência de alta (SMA curta > SMA longa),62.8,Momentum forte de alta
2026-09-29,BOVA11.SA,180.17999267578125,36.336698947985376,182.14450073242188,174.9082000732422,Tendência de alta (SMA curta > SMA longa),21.0,Viés de alta
2026-09-29,BTC-USD,83272.6796875,64.27179143836543,80671.360546875,76473.110078125,Tendência de alta (SMA curta > SMA longa),67.6,Momentum forte de alta
2026-09-29,ETH-USD,2679.679931640625,63.53515359453601,2586.906457519531,2403.390625,Tendência de alta (SMA curta > SMA longa),71.1,Momentum forte de alta
2026-09-29,HGLG11.SA,147.5800018310547,48.64001132815266,147.60700073242188,146.32255157470703,Tendência de alta (SMA curta > SMA longa),32.0,Viés de alta
2026-09-29,ITUB4.SA,41.709999084472656,43.85664551441123,42.03109073638916,41.15242568969727,Tendência de alta (SMA curta > SMA longa),30.0,Viés de alta
2026-09-29,IVVB11.SA,453.0,72.81019865366366,444.99400024414064,442.7859991455078,RSI sobrecomprado (72.8); Tendência de alta (SMA curta > SMA longa),65.0,Momentum forte de alta
2026-09-29,MXRF11.SA,9.079999923706056,35.89749232781915,9.125499963760376,9.225132865905762,Tendência de baixa (SMA curta < SMA longa),-54.6,Momentum forte de baixa
2026-09-29,PETR4.SA,48.720001220703125,53.51955873972643,48.32499980926514,44.06227569580078,Tendência de alta (SMA curta > SMA longa),58.9,Momentum forte de alta
2026-09-29,SOL-USD,118.27999877929688,66.99423647977774,109.55587196350098,99.4682925415039,Tendência de alta (SMA curta > SMA longa),88.2,Momentum forte de alta
2026-09-29,USDBRL=X,5.222599983215332,74.58961713482476,5.133640384674072,5.138642463684082,RSI sobrecomprado (74.6); Tendência de baixa (SMA curta < SMA longa),33.4,Viés de alta
2026-09-29,VALE3.SA,71.16000366210938,18.80954788565837,75.44900093078613,74.48046615600586,RSI sobrevendido (18.8); Tendência de alta (SMA curta > SMA longa),-43.3,Momentum forte de baixa
2026-09-29,WEGE3.SA,50.119998931884766,34.78100306371256,51.13664207458496,48.9758797454834,Tendência de alta (SMA curta > SMA longa),16.3,Viés de alta
2026-09-29,^BVSP,182991.125,37.08104836626392,185009.70625,177823.7425,Tendência de alta (SMA curta > SMA longa),21.8,Viés de alta
2026-09-29,^GSPC,7683.68994140625,50.81394476367934,7671.073022460938,7640.60580078125,Tendência de alta (SMA curta > SMA longa),34.9,Viés de alta
2026-09-30,BBAS3.SA,22.040000915527344,48.57143413221435,22.28723669052124,20.762200660705567,Tendência de alta (SMA curta > SMA longa),40.7,Momentum forte de alta
2026-09-30,BNB-USD,758.989990234375,64.90974695567954,752.6895294189453,708.2121569824219,Tendência de alta (SMA curta > SMA longa),68.3,Momentum forte de alta
2026-09-30,BOVA11.SA,181.0500030517578,44.24782089949565,182.45800094604493,175.12320007324217,Tendência de alta (SMA curta > SMA longa),30.8,Viés de alta
2026-09-30,BTC-USD,83650.921875,76.32526011403928,80952.426953125,76872.515390625,RSI sobrecomprado (76.3); Tendência de alta (SMA curta > SMA longa),82.7,Momentum forte de alta
2026-09-30,ETH-USD,2676.3798828125,77.61903650271184,2597.82919921875,2419.6724243164062,RSI sobrecomprado (77.6); Tendência de alta (SMA curta > SMA longa),87.2,Momentum forte de alta
2026-09-30,HGLG11.SA,147.92999267578125,62.201752666797326,147.64500045776367,146.35796203613282,Tendência de alta (SMA curta > SMA longa),50.2,Momentum forte de alta
2026-09-30,ITUB4.SA,42.29999923706055,56.32797689150485,42.170999717712405,41.15317344665527,Tendência de alta (SMA curta > SMA longa),47.6,Momentum forte de alta
2026-09-30,IVVB11.SA,451.5299987792969,68.83296492614262,445.1029998779297,443.2771990966797,Tendência de alta (SMA curta > SMA longa),59.8,Momentum forte de alta
2026-09-30,MXRF11.SA,9.100000381469728,42.10535561913366,9.121500015258787,9.216639385223388,Tendência de baixa (SMA curta < SMA longa),-45.9,Momentum forte de baixa
2026-09-30,PETR4.SA,49.09999847412109,53.777779473198784,48.528999710083006,44.24632125854493,Tendência de alta (SMA curta > SMA longa),57.1,Momentum forte de alta
2026-09-30,SOL-USD,119.13999938964844,77.41571491685701,110.46030540466307,100.34332305908202,RSI sobrecomprado (77.4); Tendência de alta (SMA curta > SMA longa),100.0,Momentum forte de alta
2026-09-30,USDBRL=X,5.203100204467773,67.6961775051374,5.136200380325318,5.140960464477539,Tendência de baixa (SMA curta < SMA longa),24.5,Viés de alta
2026-09-30,VALE3.SA,69.61000061035156,16.27577089692292,75.03700103759766,74.47333221435547,RSI sobrevendido (16.3); Tendência de alta (SMA curta > SMA longa),-45.0,Momentum forte de baixa
2026-09-30,WEGE3.SA,50.290000915527344,40.97820630414287,51.1488338470459,49.12086578369141,Tendência de alta (SMA curta > SMA longa),24.7,Viés de alta
2026-09-30,^BVSP,183827.59375,44.3827505763905,185330.1296875,178032.871875,Tendência de alta (SMA curta > SMA longa),31.0,Viés de alta
2026-09-30,^GSPC,7670.83984375,52.87131981903956,7670.3080078125,7645.157001953125,Tendência de alta (SMA curta > SMA longa),37.8,Viés de alta
2026-10-01,BBAS3.SA,23.06999969482422,52.54237836067082,22.38550024032593,20.80807331085205,Tendência de alta (SMA curta > SMA longa),49.8,Momentum forte de alta
2026-10-01,BNB-USD,767.9299926757812,63.71787780508895,755.5841613769531,711.2227038574218,Tendência de alta (SMA curta > SMA longa),68.4,Momentum forte de alta
2026-10-01,BOVA11.SA,184.0800018310547,46.57781885397412,182.80700073242187,175.39800018310547,Tendência de alta (SMA curta > SMA longa),34.6,Viés de alta
2026-10-01,BTC-USD,83410.3515625,74.34085006113474,81293.113671875,77269.115078125,RSI sobrecomprado (74.3); Tendência de alta (SMA curta > SMA longa),82.9,Momentum forte de alta
2026-10-01,ETH-USD,2680.719970703125,77.07634024888802,2610.027380371094,2435.6661987304688,RSI sobrecomprado (77.1); Tendência de alta (SMA curta > SMA longa),88.3,Momentum forte de alta
2026-10-01,HGLG11.SA,147.9499969482422,64.21845141453181,147.69250030517577,146.3837338256836,Tendência de alta (SMA curta > SMA longa),52.8,Momentum forte de alta
2026-10-01,ITUB4.SA,44.27999877929688,64.12884178449592,42.39099960327148,41.18892517089844,Tendência de alta (SMA curta > SMA longa),62.6,Momentum forte de alta
2026-10-01,IVVB11.SA,447.3699951171875,66.37465233328706,445.2539993286133,443.62239929199217,Tendência de alta (SMA curta > SMA longa),56.5,Momentum forte de alta
2026-10-01,MXRF11.SA,9.170000076293944,51.11113465858518,9.119500017166136,9.210720462799072,Tendência de baixa (SMA curta < SMA longa),-33.6,Viés de baixa
2026-10-01,PETR4.SA,49.119998931884766,50.0,48.64149971008301,44.42087730407715,Tendência de alta (SMA curta > SMA longa),48.2,Momentum forte de alta
2026-10-01,SOL-USD,118.11000061035156,74.52565857259293,111.42708320617676,101.17993118286132,RSI sobrecomprado (74.5); Tendência de alta (SMA curta > SMA longa),99.4,Momentum forte de alta
2026-10-01,USDBRL=X,5.202899932861328,67.64808368263118,5.136190366744995,5.14095645904541,Tendência de baixa (SMA curta < SMA longa),24.5,Viés de alta
2026-10-01,VALE3.SA,69.91000366210938,19.185203730150164,74.61750106811523,74.46363845825195,RSI sobrevendido (19.2); Tendência de alta (SMA curta > SMA longa),-45.2,Momentum forte de baixa
2026-10-01,WEGE3.SA,49.459999084472656,32.69230866824563,51.14197902679443,49.26242446899414,Tendência de alta (SMA curta > SMA longa),12.2,Viés de alta
2026-10-01,^BVSP,186340.453125,43.93822864085919,185661.02265625,178293.1690625,Tendência de alta (SMA curta > SMA longa),30.6,Viés de alta
2026-10-01,^GSPC,7651.5400390625,55.20291681242804,7671.311499023437,7648.003798828125,Tendência de alta (SMA curta > SMA longa),41.2,Momentum forte de alta
2026-10-02,BBAS3.SA,23.020000457763672,55.24753432568392,22.42350025177002,20.86986156463623,Tendência de alta (SMA curta > SMA longa),48.4,Momentum forte de alta
2026-10-02,BNB-USD,770.9600219726562,61.3664637065047,757.7963195800781,714.45333984375,Tendência de alta (SMA curta > SMA longa),64.0,Momentum forte de alta
2026-10-02,BOVA11.SA,184.4100036621093,51.808776360327975,182.91400070190429,175.5922003173828,Tendência de alta (SMA curta > SMA longa),39.7,Viés de alta
2026-10-02,BTC-USD,84744.203125,76.55060824600227,81678.808984375,77698.82046875,RSI sobrecomprado (76.6); Tendência de alta (SMA curta > SMA longa),86.5,Momentum forte de alta
2026-10-02,ETH-USD,2702.39990234375,76.63122733044665,2619.558654785156,2452.2106860351564,RSI sobrecomprado (76.6); Tendência de alta (SMA curta > SMA longa),88.0,Momentum forte de alta
2026-10-02,HGLG11.SA,146.99000549316406,58.49065492719978,147.65100021362304,146.42259674072267,Tendência de alta (SMA curta > SMA longa),44.0,Momentum forte de alta
2026-10-02,ITUB4.SA,44.150001525878906,60.958284286585005,42.51144351959229,41.24731597900391,Tendência de alta (SMA curta > SMA longa),54.6,Momentum forte de alta
2026-10-02,IVVB11.SA,452.2900085449219,65.70447275968749,445.77850036621095,444.0909997558594,Tendência de alta (SMA curta > SMA longa),57.5,Momentum forte de alta
2026-10-02,MXRF11.SA,9.09000015258789,45.09803188256744,9.115000009536743,9.20575490951538,Tendência de baixa (SMA curta < SMA longa),-42.3,Momentum forte de baixa
2026-10-02,PETR4.SA,49.77000045776367,54.3502839470253,48.71999969482422,44.597380294799805,Tendência de alta (SMA curta > SMA longa),53.2,Momentum forte de alta
2026-10-02,SOL-USD,118.5500030517578,72.65699876006099,112.22901153564452,102.03811767578124,RSI sobrecomprado (72.7); Tendência de alta (SMA curta > SMA longa),96.9,Momentum forte de alta
2026-10-02,USDBRL=X,5.222499847412109,66.36208641909532,5.146585369110108,5.145800695419312,Tendência de alta (SMA curta > SMA longa),57.5,Momentum forte de alta
2026-10-02,VALE3.SA,70.30000305175781,21.50074477419525,74.09250106811524,74.39248809814453,RSI sobrevendido (21.5); Tendência de baixa (SMA curta < SMA longa),-80.3,Momentum forte de baixa
2026-10-02,WEGE3.SA,49.560001373291016,36.85987273053159,51.08324241638184,49.30299690246582,Tendência de alta (SMA curta > SMA longa),16.2,Viés de alta
2026-10-02,^BVSP,187197.453125,49.96960068938273,185760.62265625,178486.1490625,Tendência de alta (SMA curta > SMA longa),37.0,Viés de alta
2026-10-02,^GSPC,7666.4501953125,50.902456524348885,7671.30400390625,7651.353603515625,Tendência de alta (SMA curta > SMA longa),35.1,Viés de alta
2026-10-03,BBAS3.SA,23.71999931335449,65.15150420483772,22.49000015258789,20.90784435272217,Tendência de alta (SMA curta > SMA longa),65.2,Momentum forte de alta
2026-10-03,BNB-USD,786.8099975585938,58.66787034766329,763.3662811279297,721.20466796875,Tendência de alta (SMA curta > SMA longa),64.4,Momentum forte de alta
2026-10-03,BOVA11.SA,190.0,68.84166752209514,183.3015007019043,175.92320037841796,Tendência de alta (SMA curta > SMA longa),66.1,Momentum forte de alta
2026-10-03,BTC-USD,84767.953125,65.21781544740116,82442.080859375,78558.74640625,Tendência de alta (SMA curta > SMA longa),73.4,Momentum forte de alta
2026-10-03,ETH-USD,2687.760009765625,57.8679172014167,2637.362805175781,2484.098825683593,Tendência de alta (SMA curta > SMA longa),65.2,Momentum forte de alta
2026-10-03,HGLG11.SA,147.89999389648438,64.63975206180575,146.5611930847168,145.34828674316407,Tendência de alta (SMA curta > SMA longa),53.8,Momentum forte de alta
2026-10-03,ITUB4.SA,44.83000183105469,68.15143827545575,42.65730419158936,41.244423904418944,Tendência de alta (SMA curta > SMA longa),65.3,Momentum forte de alta
2026-10-03,IVVB11.SA,454.7000122070313,69.38442731214711,446.2029998779297,444.67039978027344,Tendência de alta (SMA curta > SMA longa),62.3,Momentum forte de alta
2026-10-03,MXRF11.SA,9.09000015258789,60.99647674629048,9.022050714492796,9.09936758041382,Tendência de baixa (SMA curta < SMA longa),-19.5,Viés de baixa
2026-10-03,PETR4.SA,51.16999816894531,61.06194889430024,48.906999588012695,44.783734436035154,Tendência de alta (SMA curta > SMA longa),66.8,Momentum forte de alta
2026-10-03,SOL-USD,119.75,66.78653115323262,114.0880916595459,103.77228439331054,Tendência de alta (SMA curta > SMA longa),89.0,Momentum forte de alta
2026-10-03,USDBRL=X,5.222300052642822,63.43646351733007,5.15139536857605,5.148598699569702,Tendência de alta (SMA curta > SMA longa),53.2,Momentum forte de alta
2026-10-03,VALE3.SA,72.0999984741211,36.93970538986552,73.77900085449218,74.37994812011719,Tendência de baixa (SMA curta < SMA longa),-58.4,Momentum forte de baixa
2026-10-03,WEGE3.SA,51.45000076293945,55.04381585302462,51.06213188171387,49.43985130310059,Tendência de alta (SMA curta > SMA longa),43.4,Momentum forte de alta
2026-10-03,^BVSP,192115.0,67.48440308765993,186107.0,178793.98,Tendência de alta (SMA curta > SMA longa),63.7,Momentum forte de alta
2026-10-03,^GSPC,7722.72021484375,59.44371436368076,7670.054516601563,7657.64201171875,Tendência de alta (SMA curta > SMA longa),46.6,Momentum forte de alta
2026-10-04,BBAS3.SA,23.71999931335449,65.15150420483772,22.49000015258789,20.925755004882813,Tendência de alta (SMA curta > SMA longa),65.1,Momentum forte de alta
2026-10-04,BNB-USD,795.4099731445312,58.16897516866773,767.1477905273438,724.9799047851562,Tendência de alta (SMA curta > SMA longa),64.6,Momentum forte de alta
2026-10-04,BOVA11.SA,190.0,68.84166752209514,183.3015007019043,175.92320037841796,Tendência de alta (SMA curta > SMA longa),66.1,Momentum forte de alta
2026-10-04,BTC-USD,86488.0,70.18459102167584,82858.09296875,79027.9325,RSI sobrecomprado (70.2); Tendência de alta (SMA curta > SMA longa),81.2,Momentum forte de alta
2026-10-04,ETH-USD,2726.81005859375,60.95293215292551,2647.957727050781,2501.006767578125,Tendência de alta (SMA curta > SMA longa),70.6,Momentum forte de alta
2026-10-04,HGLG11.SA,147.89999389648438,64.63975206180575,146.5611930847168,145.35571716308593,Tendência de alta (SMA curta > SMA longa),53.7,Momentum forte de alta
2026-10-04,ITUB4.SA,44.83000183105469,68.15143827545575,42.65730419158936,41.286826171875,Tendência de alta (SMA curta > SMA longa),65.2,Momentum forte de alta
2026-10-04,IVVB11.SA,454.7000122070313,69.38442731214711,446.2029998779297,444.67039978027344,Tendência de alta (SMA curta > SMA longa),62.3,Momentum forte de alta
2026-10-04,MXRF11.SA,9.09000015258789,60.99647674629048,9.022050714492796,9.101699504852297,Tendência de baixa (SMA curta < SMA longa),-19.5,Viés de baixa
2026-10-04,PETR4.SA,51.16999816894531,61.06194889430024,48.906999588012695,44.79769622802734,Tendência de alta (SMA curta > SMA longa),67.7,Momentum forte de alta
2026-10-04,SOL-USD,121.5199966430664,68.76951803448463,115.03409156799316,104.69513946533203,Tendência de alta (SMA curta > SMA longa),91.7,Momentum forte de alta
2026-10-04,USDBRL=X,5.2220001220703125,63.37586920636656,5.1513803720474245,5.148592700958252,Tendência de alta (SMA curta > SMA longa),53.1,Momentum forte de alta
2026-10-04,VALE3.SA,72.0999984741211,36.93970538986552,73.77900085449218,74.3750845336914,Tendência de baixa (SMA curta < SMA longa),-59.1,Momentum forte de baixa
2026-10-04,WEGE3.SA,51.45000076293945,55.04381585302462,51.06213188171387,49.400732421875,Tendência de alta (SMA curta > SMA longa),43.1,Momentum forte de alta
2026-10-04,^BVSP,192115.0,67.48440308765993,186107.0,178793.98,Tendência de alta (SMA curta > SMA longa),63.7,Momentum forte de alta
2026-10-04,^GSPC,7722.72021484375,59.44371436368076,7670.054516601563,7657.64201171875,Tendência de alta (SMA curta > SMA longa),46.6,Momentum forte de alta
2026-10-06,BBAS3.SA,26.32999992370605,77.4647842607827,22.68050012588501,21.02946437835693,RSI sobrecomprado (77.5); Tendência de alta (SMA curta > SMA longa),92.6,Momentum forte de alta
2026-10-06,BNB-USD,782.5999755859375,43.59317073451764,770.6624633789063,728.5793994140626,Tendência de alta (SMA curta > SMA longa),43.7,Momentum forte de alta
2026-10-06,BOVA11.SA,204.3500061035156,81.20805056717705,184.42200088500977,176.59120056152344,RSI sobrecomprado (81.2); Tendência de alta (SMA curta > SMA longa),84.2,Momentum forte de alta
2026-10-06,BTC-USD,85697.7421875,44.71020302315856,83361.969921875,79485.360390625,Tendência de alta (SMA curta > SMA longa),48.7,Momentum forte de alta
2026-10-06,ETH-USD,2709.550048828125,37.41146363889381,2663.4658325195314,2517.712888183594,Tendência de alta (SMA curta > SMA longa),42.3,Momentum forte de alta
2026-10-06,HGLG11.SA,150.3000030517578,76.8916175332168,146.71983184814454,145.4686669921875,RSI sobrecomprado (76.9); Tendência de alta (SMA curta > SMA longa),69.7,Momentum forte de alta
2026-10-06,ITUB4.SA,49.47999954223633,80.45429424344188,43.03616485595703,41.393113708496095,RSI sobrecomprado (80.5); Tendência de alta (SMA curta > SMA longa),87.8,Momentum forte de alta
2026-10-06,IVVB11.SA,439.1499938964844,47.86570658800046,445.7929992675781,444.95239990234376,Tendência de alta (SMA curta > SMA longa),-4.0,Neutro / lateral
2026-10-06,MXRF11.SA,9.15999984741211,64.52254967984692,9.025561618804932,9.09608777999878,Tendência de baixa (SMA curta < SMA longa),19.3,Viés de alta
2026-10-06,PETR4.SA,55.36000061035156,69.18288284276618,49.3194995880127,45.07242523193359,Tendência de alta (SMA curta > SMA longa),88.2,Momentum forte de alta
2026-10-06,SOL-USD,120.62999725341795,54.484402379373336,116.22160301208496,105.61713104248048,Tendência de alta (SMA curta > SMA longa),72.6,Momentum forte de alta
2026-10-06,USDBRL=X,4.998799800872803,36.48974883987088,5.145040369033813,5.146130180358886,Tendência de baixa (SMA curta < SMA longa),-54.3,Momentum forte de baixa
2026-10-06,VALE3.SA,71.4000015258789,37.46082160721995,73.41800079345703,74.34422119140625,Tendência de baixa (SMA curta < SMA longa),-57.4,Momentum forte de baixa
2026-10-06,WEGE3.SA,51.25,52.91980688644222,51.04298839569092,49.546955795288085,Tendência de alta (SMA curta > SMA longa),41.0,Momentum forte de alta
2026-10-06,^BVSP,206911.890625,81.19777258572188,187195.24453125,179451.3778125,RSI sobrecomprado (81.2); Tendência de alta (SMA curta > SMA longa),83.5,Momentum forte de alta
2026-10-06,^GSPC,7773.9501953125,66.77718711672196,7672.822021484375,7664.881416015625,Tendência de alta (SMA curta > SMA longa),57.6,Momentum forte de alta
2026-10-07,BBAS3.SA,24.63999938964844,60.928651783446206,22.782500076293942,21.12365261077881,Tendência de alta (SMA curta > SMA longa),64.4,Momentum forte de alta
2026-10-07,BNB-USD,778.0900268554688,45.837422309453714,773.4986938476562,732.121962890625,Tendência de alta (SMA curta > SMA longa),44.2,Momentum forte de alta
2026-10-07,BOVA11.SA,202.5,79.70057161026705,185.3075012207032,177.18620056152344,RSI sobrecomprado (79.7); Tendência de alta (SMA curta > SMA longa),81.1,Momentum forte de alta
2026-10-07,BTC-USD,85452.2265625,45.69896336836682,83831.5078125,79906.056875,Tendência de alta (SMA curta > SMA longa),48.5,Momentum forte de alta
2026-10-07,ETH-USD,2695.030029296875,38.77032326847657,2677.485412597656,2533.399074707031,Tendência de alta (SMA curta > SMA longa),41.8,Momentum forte de alta
2026-10-07,HGLG11.SA,154.0,90.03949305686581,147.09075317382812,145.67067108154296,RSI sobrecomprado (90.0); Tendência de alta (SMA curta > SMA longa),73.0,Momentum forte de alta
2026-10-07,ITUB4.SA,50.45000076293945,82.34889155163901,43.43803596496582,41.59441757202149,RSI sobrecomprado (82.3); Tendência de alta (SMA curta > SMA longa),89.3,Momentum forte de alta
2026-10-07,IVVB11.SA,439.2799987792969,50.56023616185692,445.731999206543,445.2008001708985,Tendência de alta (SMA curta > SMA longa),0.8,Neutro / lateral
2026-10-07,MXRF11.SA,9.359999656677246,79.13965584996271,9.039072513580322,9.098558959960938,RSI sobrecomprado (79.1); Tendência de baixa (SMA curta < SMA longa),35.8,Viés de alta
2026-10-07,PETR4.SA,53.81999969482422,70.49959523674113,49.60599956512451,45.32992820739746,RSI sobrecomprado (70.5); Tendência de alta (SMA curta > SMA longa),83.9,Momentum forte de alta
2026-10-07,SOL-USD,120.44000244140624,54.62176809035572,117.31754455566406,106.50946350097657,Tendência de alta (SMA curta > SMA longa),72.8,Momentum forte de alta
2026-10-07,USDBRL=X,4.982500076293945,34.45346781520951,5.139820384979248,5.14299617767334,Tendência de baixa (SMA curta < SMA longa),-56.6,Momentum forte de baixa
2026-10-07,VALE3.SA,70.37000274658203,39.21247591169426,72.98550109863281,74.27447082519531,Tendência de baixa (SMA curta < SMA longa),-57.0,Momentum forte de baixa
2026-10-07,WEGE3.SA,50.75,47.428558731957416,50.95343894958496,49.61132820129394,Tendência de alta (SMA curta > SMA longa),31.1,Viés de alta
2026-10-07,^BVSP,205835.296875,80.89683580299501,188118.66484375,180061.3859375,RSI sobrecomprado (80.9); Tendência de alta (SMA curta > SMA longa),81.3,Momentum forte de alta
2026-10-07,^GSPC,7818.93017578125,73.34962072904023,7680.092529296875,7672.996416015625,RSI sobrecomprado (73.3); Tendência de alta (SMA curta > SMA longa),67.3,Momentum forte de alta
2026-10-08,BBAS3.SA,24.18000030517578,57.59218938607987,22.882500076293944,21.18336696624756,Tendência de alta (SMA curta > SMA longa),57.0,Momentum forte de alta
2026-10-08,BNB-USD,773.030029296875,52.74868144271864,775.3263946533203,735.5425183105468,Tendência de alta (SMA curta > SMA longa),51.2,Momentum forte de alta
2026-10-08,BOVA11.SA,201.25,76.40315273303824,186.2265014648437,177.73640045166016,RSI sobrecomprado (76.4); Tendência de alta (SMA curta > SMA longa),80.0,Momentum forte de alta
2026-10-08,BTC-USD,83276.65625,43.68305027134518,84180.41875,80280.0825,Tendência de alta (SMA curta > SMA longa),42.3,Momentum forte de alta
2026-10-08,ETH-USD,2572.969970703125,32.01479649707238,2683.9028930664062,2546.5790087890623,Tendência de alta (SMA curta > SMA longa),25.4,Viés de alta
2026-10-08,HGLG11.SA,156.49000549316406,91.8507738769845,147.6432197570801,145.93690979003907,RSI sobrecomprado (91.9); Tendência de alta (SMA curta > SMA longa),75.4,Momentum forte de alta
2026-10-08,ITUB4.SA,49.11000061035156,74.3772339036087,43.814889907836914,41.67552764892578,RSI sobrecomprado (74.4); Tendência de alta (SMA curta > SMA longa),84.6,Momentum forte de alta
2026-10-08,IVVB11.SA,441.1499938964844,48.2278037208886,445.7519989013672,445.4516003417969,Tendência de alta (SMA curta > SMA longa),-1.9,Neutro / lateral
2026-10-08,MXRF11.SA,9.449999809265137,85.3840809579441,9.05856704711914,9.09894090652466,RSI sobrecomprado (85.4); Tendência de baixa (SMA curta < SMA longa),37.0,Viés de alta
2026-10-08,PETR4.SA,54.33000183105469,71.86544503045342,49.90149974822998,45.64106788635254,RSI sobrecomprado (71.9); Tendência de alta (SMA curta > SMA longa),86.4,Momentum forte de alta
2026-10-08,SOL-USD,116.26000213623048,52.96972112678044,118.06775665283205,107.30099212646483,Tendência de alta (SMA curta > SMA longa),69.4,Momentum forte de alta
2026-10-08,USDBRL=X,5.021599769592285,40.78398250766362,5.135675358772278,5.140864171981812,Tendência de baixa (SMA curta < SMA longa),-47.8,Momentum forte de baixa
2026-10-08,VALE3.SA,68.75,26.585348455667315,72.46800117492675,74.1816584777832,RSI sobrevendido (26.6); Tendência de baixa (SMA curta < SMA longa),-77.0,Momentum forte de baixa
2026-10-08,WEGE3.SA,51.27000045776367,51.727307643980176,50.93779029846191,49.72921112060547,Tendência de alta (SMA curta > SMA longa),38.6,Viés de alta
2026-10-08,^BVSP,204302.328125,76.99072118456334,189052.31640625,180616.1265625,RSI sobrecomprado (77.0); Tendência de alta (SMA curta > SMA longa),80.0,Momentum forte de alta
2026-10-08,^GSPC,7801.77001953125,66.29635631301687,7688.363037109375,7680.456220703125,Tendência de alta (SMA curta > SMA longa),57.9,Momentum forte de alta
2026-10-09,BBAS3.SA,24.26000022888184,55.96846602545666,22.95550012588501,21.255029678344727,Tendência de alta (SMA curta > SMA longa),53.4,Momentum forte de alta
2026-10-09,BNB-USD,734.3800048828125,34.339081568413505,773.9581359863281,737.6861071777344,Tendência de alta (SMA curta > SMA longa),-15.8,Viés de baixa
2026-10-09,BOVA11.SA,203.0800018310547,79.400828631991,187.1200012207032,178.3870004272461,RSI sobrecomprado (79.4); Tendência de alta (SMA curta > SMA longa),80.7,Momentum forte de alta
2026-10-09,BTC-USD,81752.7734375,37.222423674349976,84222.948046875,80529.7996875,Tendência de alta (SMA curta > SMA longa),25.8,Viés de alta
2026-10-09,ETH-USD,2474.31005859375,23.811084794505334,2677.07890625,2551.047197265625,RSI sobrevendido (23.8); Tendência de alta (SMA curta > SMA longa),-27.9,Viés de baixa
2026-10-09,HGLG11.SA,155.5,84.60813934551747,148.15412292480468,146.17808380126954,RSI sobrecomprado (84.6); Tendência de alta (SMA curta > SMA longa),75.0,Momentum forte de alta
2026-10-09,ITUB4.SA,49.34999847412109,76.22051196918133,44.16575946807861,41.82721008300781,RSI sobrecomprado (76.2); Tendência de alta (SMA curta > SMA longa),85.0,Momentum forte de alta
2026-10-09,IVVB11.SA,440.3500061035156,46.14066193411468,445.8869995117187,445.8274005126953,Tendência de alta (SMA curta > SMA longa),-4.2,Neutro / lateral
2026-10-09,MXRF11.SA,9.350000381469728,73.37418378875208,9.073061609268189,9.099461097717285,RSI sobrecomprado (73.4); Tendência de baixa (SMA curta < SMA longa),33.6,Viés de alta
2026-10-09,PETR4.SA,55.47999954223633,74.7167141297532,50.21949977874756,45.93623085021973,RSI sobrecomprado (74.7); Tendência de alta (SMA curta > SMA longa),90.7,Momentum forte de alta
2026-10-09,SOL-USD,109.29000091552734,35.47149296004403,117.9004249572754,107.77855422973632,Tendência de alta (SMA curta > SMA longa),27.6,Viés de alta
2026-10-09,USDBRL=X,5.017899990081787,38.59584485424752,5.131310367584229,5.139612169265747,Tendência de baixa (SMA curta < SMA longa),-50.4,Momentum forte de baixa
2026-10-09,VALE3.SA,67.63999938964844,26.6503466805285,71.9385009765625,74.07442764282227,RSI sobrevendido (26.7); Tendência de baixa (SMA curta < SMA longa),-77.3,Momentum forte de baixa
2026-10-09,WEGE3.SA,51.77000045776367,50.58122827008184,50.923191452026366,49.853701171875,Tendência de alta (SMA curta > SMA longa),39.3,Viés de alta
2026-10-09,^BVSP,206220.234375,79.92315625118329,189949.86171875,181262.8246875,RSI sobrecomprado (79.9); Tendência de alta (SMA curta > SMA longa),80.4,Momentum forte de alta
2026-10-09,^GSPC,7765.35986328125,60.89997432934249,7697.046020507812,7689.440419921875,Tendência de alta (SMA curta > SMA longa),50.9,Momentum forte de alta
2026-10-10,BBAS3.SA,24.63999938964844,59.11602268164866,23.06300010681152,21.32613307952881,Tendência de alta (SMA curta > SMA longa),60.2,Momentum forte de alta
2026-10-10,BNB-USD,742.9299926757812,38.00830348969584,773.0399627685547,739.4615747070312,Tendência de alta (SMA curta > SMA longa),23.2,Viés de alta
2026-10-10,BOVA11.SA,205.5500030517578,79.96667965045387,188.2050010681152,179.01180053710937,RSI sobrecomprado (80.0); Tendência de alta (SMA curta > SMA longa),82.6,Momentum forte de alta
2026-10-10,BTC-USD,82507.046875,42.95257561365146,84282.79453125,80717.75671875,Tendência de alta (SMA curta > SMA longa),34.3,Viés de alta
2026-10-10,ETH-USD,2486.780029296875,25.792897591930966,2669.69990234375,2554.2071533203125,RSI sobrevendido (25.8); Tendência de alta (SMA curta > SMA longa),-26.9,Viés de baixa
2026-10-10,HGLG11.SA,157.5800018310547,86.59577553186872,148.79085235595704,146.45070220947267,RSI sobrecomprado (86.6); Tendência de alta (SMA curta > SMA longa),76.9,Momentum forte de alta
2026-10-10,ITUB4.SA,50.470001220703125,76.85908187210697,44.553636741638186,41.98291633605957,RSI sobrecomprado (76.9); Tendência de alta (SMA curta > SMA longa),87.1,Momentum forte de alta
2026-10-10,IVVB11.SA,439.25,39.91149036246047,445.6919998168945,446.1050006103516,Tendência de baixa (SMA curta < SMA longa),-47.0,Momentum forte de baixa
2026-10-10,MXRF11.SA,9.449999809265137,76.24010061150653,9.093545246124268,9.10256223678589,RSI sobrecomprado (76.2); Tendência de baixa (SMA curta < SMA longa),37.2,Viés de alta
2026-10-10,PETR4.SA,56.0,78.28854436110022,50.56949977874756,46.22550506591797,RSI sobrecomprado (78.3); Tendência de alta (SMA curta > SMA longa),92.6,Momentum forte de alta
2026-10-10,SOL-USD,109.12999725341795,20.35703449186518,117.81379051208496,108.21146041870117,RSI sobrevendido (20.4); Tendência de alta (SMA curta > SMA longa),13.1,Viés de alta
2026-10-10,USDBRL=X,4.991799831390381,36.81133124183802,5.130005359649658,5.139090166091919,Tendência de baixa (SMA curta < SMA longa),-53.4,Momentum forte de baixa
2026-10-10,VALE3.SA,67.9000015258789,30.145166996448523,71.42350120544434,73.9521647644043,Tendência de baixa (SMA curta < SMA longa),-72.7,Momentum forte de baixa
2026-10-10,WEGE3.SA,51.470001220703125,52.41635318709223,50.92752208709717,49.94864006042481,Tendência de alta (SMA curta > SMA longa),42.3,Momentum forte de alta
2026-10-10,^BVSP,209066.90625,80.7358280394988,191042.8453125,181900.978125,RSI sobrecomprado (80.7); Tendência de alta (SMA curta > SMA longa),82.5,Momentum forte de alta
2026-10-10,^GSPC,7811.5400390625,55.10392147682144,7704.7740234375,7696.918623046875,Tendência de alta (SMA curta > SMA longa),43.0,Momentum forte de alta
2026-10-11,BBAS3.SA,24.639999389648438,59.11602268164866,23.063000106811522,21.32613307952881,Tendência de alta (SMA curta > SMA longa),60.2,Momentum forte de alta
2026-10-11,BNB-USD,749.3699951171875,41.718791100011565,771.8492767333985,740.6929272460937,Tendência de alta (SMA curta > SMA longa),28.0,Viés de alta
2026-10-11,BOVA11.SA,205.5500030517578,79.96667965045387,188.20500106811522,179.01180053710937,RSI sobrecomprado (80.0); Tendência de alta (SMA curta > SMA longa),82.6,Momentum forte de alta
2026-10-11,BTC-USD,82930.8828125,43.22651768852446,84374.171875,80810.45609375,Tendência de alta (SMA curta > SMA longa),35.4,Viés de alta
2026-10-11,ETH-USD,2505.639892578125,28.202827794670483,2662.7699462890623,2553.9894873046874,RSI sobrevendido (28.2); Tendência de alta (SMA curta > SMA longa),-23.0,Viés de baixa
2026-10-11,HGLG11.SA,157.5800018310547,86.59577553186872,148.79085235595704,146.45070281982422,RSI sobrecomprado (86.6); Tendência de alta (SMA curta > SMA longa),76.9,Momentum forte de alta
2026-10-11,ITUB4.SA,50.470001220703125,76.85908187210697,44.553636741638186,41.98291633605957,RSI sobrecomprado (76.9); Tendência de alta (SMA curta > SMA longa),87.1,Momentum forte de alta
2026-10-11,IVVB11.SA,439.25,39.91149036246047,445.6919998168945,446.10500061035157,Tendência de baixa (SMA curta < SMA longa),-47.0,Momentum forte de baixa
2026-10-11,MXRF11.SA,9.449999809265137,76.24010061150653,9.093545246124268,9.102562351226807,RSI sobrecomprado (76.2); Tendência de baixa (SMA curta < SMA longa),37.2,Viés de alta
2026-10-11,PETR4.SA,56.0,78.28854436110022,50.569499778747556,46.22550506591797,RSI sobrecomprado (78.3); Tendência de alta (SMA curta > SMA longa),92.6,Momentum forte de alta
2026-10-11,SOL-USD,110.0199966430664,24.091955680317938,117.75861740112305,108.53897720336914,RSI sobrevendido (24.1); Tendência de alta (SMA curta > SMA longa),14.0,Viés de alta
2026-10-11,USDBRL=X,4.977200031280518,37.8644159396377,5.124599981307983,5.137698173522949,Tendência de baixa (SMA curta < SMA longa),-52.4,Momentum forte de baixa
2026-10-11,VALE3.SA,67.9000015258789,30.145166996448523,71.42350120544434,73.9521647644043,Tendência de baixa (SMA curta < SMA longa),-72.7,Momentum forte de baixa
2026-10-11,WEGE3.SA,51.470001220703125,52.41635318709223,50.92752208709717,49.94864006042481,Tendência de alta (SMA curta > SMA longa),42.3,Momentum forte de alta
2026-10-11,^BVSP,209067.0,80.73587744494597,191042.85,181900.98,RSI sobrecomprado (80.7); Tendência de alta (SMA curta > SMA longa),82.5,Momentum forte de alta
2026-10-11,^GSPC,7811.5400390625,55.10392147682144,7704.7740234375,7696.918623046875,Tendência de alta (SMA curta > SMA longa),43.0,Momentum forte de alta
